timestamp,brightness,exposure,temperature,ptp_status,ptp_servo_status,ptp_offset
1760456485623303,102.02417,404,67.937,Slave,Locked,413
1760456485721709,102.001274,404,67.937,Slave,Locked,413
1760456485823913,101.983055,404,67.937,Slave,Locked,413
1760456485923234,101.957245,404,67.937,Slave,Locked,413
1760456486025090,102.055855,404,67.937,Slave,Locked,413
1760456486121865,102.03662,404,67.937,Slave,Locked,413
1760456486227041,102.01271,404,67.937,Slave,Locked,413
1760456486323671,101.991554,404,67.937,Slave,Locked,409
1760456486422731,101.975624,404,67.937,Slave,Locked,409
1760456486524742,101.96012,404,67.937,Slave,Locked,409
1760456486623487,102.049995,404,67.937,Slave,Locked,409
1760456486722070,102.03667,404,67.937,Slave,Locked,409
1760456486824390,102.026184,405,67.937,Slave,Locked,409
1760456486923590,102.009224,405,67.937,Slave,Locked,409
1760456487025958,101.993126,406,67.937,Slave,Locked,409
1760456487122526,101.98364,406,67.937,Slave,Locked,409
1760456487228329,101.972595,408,67.937,Slave,Locked,408
1760456487323582,101.96067,408,67.937,Slave,Locked,408
1760456487423071,101.950455,409,67.937,Slave,Locked,408
1760456487525197,101.93773,409,67.937,Slave,Locked,408
1760456487622841,101.92637,410,67.937,Slave,Locked,408
1760456487723454,101.91913,410,67.937,Slave,Locked,408
1760456487824515,102.02489,413,67.937,Slave,Locked,408
1760456487922423,101.88977,413,67.937,Slave,Locked,408
1760456488026302,101.77505,413,67.937,Slave,Locked,408
1760456488122467,101.66499,413,67.937,Slave,Locked,408
1760456488226737,101.83469,414,67.937,Slave,Locked,418
1760456488323416,101.886116,414,67.937,Slave,Locked,418
1760456488423183,101.91636,415,67.937,Slave,Locked,418
1760456488524800,101.66,415,67.937,Slave,Locked,418
1760456488623412,101.466354,417,67.937,Slave,Locked,418
1760456488723369,101.5249,417,67.937,Slave,Locked,418
1760456488824558,101.93958,420,67.937,Slave,Locked,418
1760456488923025,101.87678,420,67.937,Slave,Locked,418
1760456489026244,101.7868,422,67.937,Slave,Locked,418
1760456489123392,101.66299,422,67.937,Slave,Locked,418
1760456489229695,101.606606,431,67.937,Slave,Locked,425
1760456489323579,101.52372,431,67.937,Slave,Locked,425
1760456489423287,101.164444,429,67.937,Slave,Locked,425
1760456489524980,100.90019,429,67.937,Slave,Locked,425
1760456489623605,100.95253,426,67.937,Slave,Locked,425
1760456489722696,101.15608,426,67.937,Slave,Locked,425
1760456489823488,101.80832,420,67.937,Slave,Locked,425
1760456489923176,101.75298,420,67.937,Slave,Locked,425
1760456490026604,101.23127,419,67.937,Slave,Locked,425
1760456490121967,101.25993,419,67.937,Slave,Locked,425
1760456490226475,102.602066,418,67.937,Slave,Locked,426
1760456490323713,102.88926,418,67.937,Slave,Locked,426
1760456490423006,102.65959,418,67.937,Slave,Locked,426
1760456490524317,102.7759,418,67.937,Slave,Locked,426
1760456490624422,102.715034,418,67.937,Slave,Locked,426
1760456490723540,102.74639,418,67.937,Slave,Locked,426
1760456490823693,101.90976,419,67.937,Slave,Locked,426
1760456490922437,101.74634,419,67.937,Slave,Locked,426
1760456491025046,101.584404,417,67.937,Slave,Locked,426
1760456491122185,101.50032,417,67.937,Slave,Locked,426
1760456491225681,101.14722,418,67.937,Slave,Locked,428
1760456491323475,101.05915,418,67.937,Slave,Locked,428
1760456491423615,100.98946,418,67.937,Slave,Locked,428
1760456491525737,100.966576,418,67.937,Slave,Locked,428
1760456491623799,100.90203,417,67.937,Slave,Locked,428
1760456491723609,100.87821,417,67.937,Slave,Locked,428
1760456491825093,101.06014,416,67.937,Slave,Locked,428
1760456491923740,101.27729,416,67.937,Slave,Locked,428
1760456492025092,101.08631,416,67.937,Slave,Locked,428
1760456492122495,100.86777,416,67.937,Slave,Locked,428
1760456492223554,101.03585,414,67.937,Slave,Locked,427
1760456492323682,101.266975,414,67.937,Slave,Locked,427
1760456492423452,101.357216,413,67.937,Slave,Locked,427
1760456492525704,101.390205,413,67.937,Slave,Locked,427
1760456492624966,101.34743,412,67.937,Slave,Locked,427
1760456492724142,101.40335,412,67.937,Slave,Locked,427
1760456492824993,101.316925,411,67.937,Slave,Locked,427
1760456492924601,101.312294,411,67.937,Slave,Locked,427
1760456493026973,101.42183,410,67.937,Slave,Locked,427
1760456493124424,101.67515,410,67.937,Slave,Locked,427
1760456493225014,101.5773,409,67.937,Slave,Locked,415
1760456493323764,101.70086,409,67.937,Slave,Locked,415
1760456493423526,101.81414,407,67.937,Slave,Locked,415
1760456493524955,101.96097,407,67.937,Slave,Locked,415
1760456493625084,102.02058,406,67.937,Slave,Locked,415
1760456493722886,102.07885,406,67.937,Slave,Locked,415
1760456493824541,102.049706,405,67.937,Slave,Locked,415
1760456493923296,102.193085,405,67.937,Slave,Locked,415
1760456494024759,102.127205,404,67.937,Slave,Locked,415
1760456494123832,102.2025,404,67.937,Slave,Locked,415
1760456494224836,102.14957,402,67.937,Slave,Locked,407
1760456494324944,102.23491,402,67.937,Slave,Locked,407
1760456494423296,102.04514,400,67.937,Slave,Locked,407
1760456494525645,102.09059,400,67.937,Slave,Locked,407
1760456494623563,102.122,398,67.937,Slave,Locked,407
1760456494723809,102.10157,398,67.937,Slave,Locked,407
1760456494824372,102.077156,395,67.937,Slave,Locked,407
1760456494923905,102.30868,395,67.937,Slave,Locked,407
1760456495026170,102.378296,392,67.937,Slave,Locked,407
1760456495122641,102.532524,392,67.937,Slave,Locked,407
1760456495224815,102.35849,390,67.937,Slave,Locked,413
1760456495323680,102.406235,390,67.937,Slave,Locked,413
1760456495423758,102.191536,388,67.937,Slave,Locked,413
1760456495524726,102.27441,388,67.937,Slave,Locked,413
1760456495623794,102.22963,387,67.937,Slave,Locked,413
1760456495723397,102.45552,387,67.937,Slave,Locked,413
1760456495823615,102.258545,386,67.937,Slave,Locked,413
1760456495923356,102.41759,386,67.937,Slave,Locked,413
1760456496026493,102.14339,384,67.937,Slave,Locked,413
1760456496126885,102.31865,384,67.937,Slave,Locked,413
1760456496223420,102.26059,382,67.937,Slave,Locked,410
1760456496323685,102.26025,382,67.937,Slave,Locked,410
1760456496425181,102.11052,380,67.937,Slave,Locked,410
1760456496524631,102.20616,380,67.937,Slave,Locked,410
1760456496623591,102.20313,376,67.937,Slave,Locked,410
1760456496723769,102.31628,376,67.937,Slave,Locked,410
1760456496824747,102.324684,373,67.937,Slave,Locked,410
1760456496923322,102.44742,373,67.937,Slave,Locked,410
1760456497026930,102.30246,370,67.937,Slave,Locked,410
1760456497129580,102.407585,370,67.937,Slave,Locked,414
1760456497223414,102.36559,366,67.937,Slave,Locked,414
1760456497324635,102.4334,366,67.937,Slave,Locked,414
1760456497424994,102.65856,360,67.937,Slave,Locked,414
1760456497524283,103.0863,360,67.937,Slave,Locked,414
1760456497623962,102.722015,353,67.937,Slave,Locked,414
1760456497723875,103.075264,353,67.937,Slave,Locked,414
1760456497825236,102.98696,344,67.937,Slave,Locked,414
1760456497924344,103.17799,344,67.937,Slave,Locked,414
1760456498027032,103.112656,334,67.937,Slave,Locked,414
1760456498127893,103.52606,334,67.937,Slave,Locked,429
1760456498225392,103.35259,319,67.937,Slave,Locked,429
1760456498324848,103.63237,319,67.937,Slave,Locked,429
1760456498423882,103.25023,306,67.937,Slave,Locked,429
1760456498524651,103.87545,306,67.937,Slave,Locked,429
1760456498623748,103.579765,295,67.937,Slave,Locked,429
1760456498722818,104.23529,295,67.937,Slave,Locked,429
1760456498825290,103.885544,287,67.937,Slave,Locked,429
1760456498923468,104.91043,287,67.937,Slave,Locked,429
1760456499026928,104.44813,280,67.937,Slave,Locked,429
1760456499128829,105.40086,280,67.937,Slave,Locked,434
1760456499223790,104.30671,271,67.937,Slave,Locked,434
1760456499324109,105.13105,271,67.937,Slave,Locked,434
1760456499424484,104.16785,260,67.937,Slave,Locked,434
1760456499525194,104.83081,260,67.937,Slave,Locked,434
1760456499623547,103.742584,250,67.937,Slave,Locked,434
1760456499723699,104.1808,250,67.937,Slave,Locked,434
1760456499824871,103.52578,241,67.937,Slave,Locked,434
1760456499923750,104.05608,241,67.937,Slave,Locked,434
1760456500026374,103.541756,232,67.937,Slave,Locked,434
1760456500126035,104.087364,232,67.937,Slave,Locked,430
1760456500225264,103.310684,223,67.937,Slave,Locked,430
1760456500325003,103.835945,223,67.937,Slave,Locked,430
1760456500423874,102.69476,215,67.937,Slave,Locked,430
1760456500525030,103.287094,215,67.937,Slave,Locked,430
1760456500624289,102.38768,209,67.937,Slave,Locked,430
1760456500723697,103.05744,209,67.937,Slave,Locked,430
1760456500824794,102.15738,203,67.937,Slave,Locked,430
1760456500923797,102.73698,203,67.937,Slave,Locked,430
1760456501026831,101.79144,199,67.937,Slave,Locked,430
1760456501125780,102.41944,199,67.937,Slave,Locked,416
1760456501225204,101.330894,196,67.937,Slave,Locked,416
1760456501325042,101.52612,196,67.937,Slave,Locked,416
1760456501424885,100.32192,193,67.937,Slave,Locked,416
1760456501526147,100.698685,193,67.937,Slave,Locked,416
1760456501624837,99.91443,190,67.937,Slave,Locked,416
1760456501723916,100.13904,190,67.937,Slave,Locked,416
1760456501825234,99.09184,187,67.937,Slave,Locked,416
1760456501924115,99.15745,187,67.937,Slave,Locked,416
1760456502026868,98.36628,186,67.937,Slave,Locked,416
1760456502123253,98.491615,186,67.937,Slave,Locked,409
1760456502224071,98.0536,187,68,Slave,Locked,409
1760456502324374,98.15066,187,67.937,Slave,Locked,409
1760456502424321,97.54665,188,67.937,Slave,Locked,409
1760456502525780,97.4885,188,67.937,Slave,Locked,409
1760456502624791,96.76782,191,67.937,Slave,Locked,409
1760456502723231,96.54625,191,68,Slave,Locked,409
1760456502826108,95.63989,194,67.937,Slave,Locked,409
1760456502922950,95.24604,194,67.937,Slave,Locked,409
1760456503026798,94.526474,198,68,Slave,Locked,409
1760456503124613,93.956696,198,67.937,Slave,Locked,415
1760456503225045,93.72826,203,68,Slave,Locked,415
1760456503324620,93.21088,203,68,Slave,Locked,415
1760456503424283,92.80019,208,68,Slave,Locked,415
1760456503524654,92.24632,208,68,Slave,Locked,415
1760456503624097,92.32575,213,67.937,Slave,Locked,415
1760456503723802,91.81892,213,67.937,Slave,Locked,415
1760456503824684,91.82946,218,68,Slave,Locked,415
1760456503923444,91.3694,218,67.937,Slave,Locked,415
1760456504026200,91.62711,224,68,Slave,Locked,415
1760456504123425,91.18352,224,68,Slave,Locked,413
1760456504224548,91.42287,231,67.937,Slave,Locked,413
1760456504325646,90.736115,231,68,Slave,Locked,413
1760456504426149,90.98132,240,67.937,Slave,Locked,413
1760456504525871,90.453575,240,68,Slave,Locked,413
1760456504624443,90.6911,248,67.937,Slave,Locked,413
1760456504723093,90.167816,248,68,Slave,Locked,413
1760456504824530,90.44614,256,67.937,Slave,Locked,413
1760456504923406,89.93682,256,67.937,Slave,Locked,413
1760456505026133,90.42044,262,67.937,Slave,Locked,413
1760456505124029,90.07543,262,67.937,Slave,Locked,416
1760456505225404,90.795715,266,67.937,Slave,Locked,416
1760456505325049,90.419685,266,68,Slave,Locked,416
1760456505425296,91.33874,268,68,Slave,Locked,416
1760456505526479,91.091835,268,67.937,Slave,Locked,416
1760456505626075,91.82041,270,68,Slave,Locked,416
1760456505723948,91.56981,270,68,Slave,Locked,416
1760456505826424,92.47046,274,67.937,Slave,Locked,416
1760456505924726,92.39889,274,68,Slave,Locked,416
1760456506031084,93.11679,278,68,Slave,Locked,420
1760456506124555,92.986404,278,68,Slave,Locked,420
1760456506225409,93.50681,279,68,Slave,Locked,420
1760456506325499,93.50857,279,68,Slave,Locked,420
1760456506424812,93.850716,276,68,Slave,Locked,420
1760456506525371,93.851715,276,67.937,Slave,Locked,420
1760456506624716,94.00582,269,68,Slave,Locked,420
1760456506723473,93.66716,269,68,Slave,Locked,420
1760456506825923,94.0106,258,68,Slave,Locked,420
1760456506924617,94.05675,258,68,Slave,Locked,420
1760456507031733,94.70739,252,68,Slave,Locked,411
1760456507123883,94.91561,252,68,Slave,Locked,411
1760456507224569,95.28246,252,68,Slave,Locked,411
1760456507326551,95.77153,252,68,Slave,Locked,411
1760456507425280,95.98284,265,68,Slave,Locked,411
1760456507525028,96.643074,265,68,Slave,Locked,411
1760456507623960,96.44288,274,68,Slave,Locked,411
1760456507723317,97.083115,274,68,Slave,Locked,411
1760456507824965,95.63159,284,68,Slave,Locked,411
1760456507923650,95.48568,284,68,Slave,Locked,411
1760456508030164,94.41442,285,68,Slave,Locked,392
1760456508123661,94.02493,285,68,Slave,Locked,392
1760456508226264,93.24143,281,68,Slave,Locked,392
1760456508325490,91.875656,281,68,Slave,Locked,392
1760456508425099,93.33007,274,68,Slave,Locked,392
1760456508525046,93.34941,274,68,Slave,Locked,392
1760456508624704,94.11591,264,68,Slave,Locked,392
1760456508723654,93.89318,264,68,Slave,Locked,392
1760456508826322,95.14509,255,68,Slave,Locked,392
1760456508923606,96.13797,255,68,Slave,Locked,392
1760456509032281,97.05006,249,68,Slave,Locked,391
1760456509124044,97.2383,249,68,Slave,Locked,391
1760456509225056,97.431625,244,68,Slave,Locked,391
1760456509325813,98.357346,244,68,Slave,Locked,391
1760456509425403,98.28184,240,68,Slave,Locked,391
1760456509525769,98.88579,240,68,Slave,Locked,391
1760456509624825,98.10494,236,68,Slave,Locked,391
1760456509724356,98.5065,236,68,Slave,Locked,391
1760456509826585,97.536934,233,68,Slave,Locked,391
1760456509924113,97.79011,233,68,Slave,Locked,391
1760456510029484,97.24782,229,68,Slave,Locked,387
1760456510123183,97.38765,229,68,Slave,Locked,387
1760456510224729,96.80277,227,68,Slave,Locked,387
1760456510325903,97.0658,227,68,Slave,Locked,387
1760456510424740,96.721436,224,68,Slave,Locked,387
1760456510525286,96.887924,224,68,Slave,Locked,387
1760456510625400,96.34818,223,68,Slave,Locked,387
1760456510724656,96.551445,223,68,Slave,Locked,387
1760456510826313,96.35724,221,68,Slave,Locked,387
1760456510924493,96.61249,221,68,Slave,Locked,387
1760456511028223,96.08124,219,68,Slave,Locked,382
1760456511123228,96.06881,219,68,Slave,Locked,382
1760456511224319,95.93665,215,68,Slave,Locked,382
1760456511324527,96.10803,215,68,Slave,Locked,382
1760456511424576,95.620384,215,68,Slave,Locked,382
1760456511525283,95.69593,215,68,Slave,Locked,382
1760456511624796,95.73969,216,68,Slave,Locked,382
1760456511724558,95.96279,216,68,Slave,Locked,382
1760456511826583,95.81761,218,68,Slave,Locked,382
1760456511924194,96.00549,218,68,Slave,Locked,382
1760456512026096,96.01341,218,68,Slave,Locked,382
1760456512123407,96.320984,218,68,Slave,Locked,382
1760456512224381,95.54798,218,68,Slave,Locked,382
1760456512324847,95.39051,218,68,Slave,Locked,382
1760456512425020,95.34294,217,68,Slave,Locked,382
1760456512525338,95.40907,217,68,Slave,Locked,382
1760456512624429,95.727135,214,68,Slave,Locked,382
1760456512724656,95.78251,214,68,Slave,Locked,382
1760456512825526,96.347206,209,68,Slave,Locked,382
1760456512924265,96.48776,209,68,Slave,Locked,382
1760456513027078,96.457146,205,68,Slave,Locked,383
1760456513124535,96.69607,205,68,Slave,Locked,383
1760456513225032,96.95064,202,68,Slave,Locked,383
1760456513326231,97.181305,202,68,Slave,Locked,383
1760456513424873,97.35318,199,68,Slave,Locked,383
1760456513525309,97.68791,199,68,Slave,Locked,383
1760456513624241,97.58367,197,68,Slave,Locked,383
1760456513724302,98.014046,197,68,Slave,Locked,383
1760456513824711,97.39204,196,68,Slave,Locked,383
1760456513923445,97.5899,196,68,Slave,Locked,383
1760456514026843,97.07316,195,68,Slave,Locked,386
1760456514123959,97.18272,195,68,Slave,Locked,386
1760456514224300,96.756996,195,68,Slave,Locked,386
1760456514325010,96.829956,195,68,Slave,Locked,386
1760456514425132,96.408066,197,68,Slave,Locked,386
1760456514525799,96.45799,197,68,Slave,Locked,386
1760456514625611,96.2084,196,68,Slave,Locked,386
1760456514724736,96.28338,196,68,Slave,Locked,386
1760456514826384,96.130295,192,68,Slave,Locked,386
1760456514923842,96.227,192,68,Slave,Locked,386
1760456515026777,96.051544,190,68,Slave,Locked,394
1760456515123743,96.0511,190,68,Slave,Locked,394
1760456515224469,96.04121,189,68,Slave,Locked,394
1760456515324642,95.701904,189,68,Slave,Locked,394
1760456515424934,96.10636,187,68,Slave,Locked,394
1760456515525867,96.59118,187,68,Slave,Locked,394
1760456515624859,96.886185,186,68,Slave,Locked,394
1760456515724262,97.15056,186,68,Slave,Locked,394
1760456515825804,96.47627,185,68,Slave,Locked,394
1760456515928503,96.49525,185,68,Slave,Locked,394
1760456516027591,96.183624,183,68,Slave,Locked,398
1760456516124170,96.08843,183,68,Slave,Locked,398
1760456516224519,96.05341,182,68,Slave,Locked,398
1760456516325886,96.12461,182,68,Slave,Locked,398
1760456516424806,95.634,181,68,Slave,Locked,398
1760456516525843,95.73159,181,68,Slave,Locked,398
1760456516624720,95.4304,179,68,Slave,Locked,398
1760456516723667,95.72592,179,68,Slave,Locked,398
1760456516825073,95.70564,178,68,Slave,Locked,398
1760456516929770,95.77153,178,68,Slave,Locked,403
1760456517027088,95.44442,179,68,Slave,Locked,403
1760456517123778,95.4171,179,68,Slave,Locked,403
1760456517224826,95.09162,179,68,Slave,Locked,403
1760456517325402,95.28289,179,68,Slave,Locked,403
1760456517425630,95.201385,178,68,Slave,Locked,403
1760456517526467,95.45467,178,68,Slave,Locked,403
1760456517625483,95.101654,176,68,Slave,Locked,403
1760456517724310,95.04082,176,68,Slave,Locked,403
1760456517827213,94.61525,174,68,Slave,Locked,403
1760456517928626,94.35619,174,68,Slave,Locked,403
1760456518026980,94.51373,173,68,Slave,Locked,403
1760456518123970,94.69323,173,68,Slave,Locked,403
1760456518225277,94.94952,173,68,Slave,Locked,403
1760456518325156,94.92768,173,68,Slave,Locked,403
1760456518425671,94.72998,172,68,Slave,Locked,403
1760456518526262,95.00505,172,68,Slave,Locked,403
1760456518625814,94.57994,171,68,Slave,Locked,403
1760456518725486,94.7652,171,68,Slave,Locked,403
1760456518825071,94.39506,172,68,Slave,Locked,403
1760456518929425,94.30046,172,68,Slave,Locked,407
1760456519026762,94.03341,173,68,Slave,Locked,407
1760456519124638,94.0279,173,68,Slave,Locked,407
1760456519225867,94.16343,174,68,Slave,Locked,407
1760456519326398,94.290085,174,68,Slave,Locked,407
1760456519425730,93.99133,178,68,Slave,Locked,407
1760456519525908,93.70876,178,68,Slave,Locked,407
1760456519624862,93.08068,183,68,Slave,Locked,407
1760456519723907,92.60518,183,68,Slave,Locked,407
1760456519826086,92.528755,192,68,Slave,Locked,407
1760456519929107,92.16624,192,68,Slave,Locked,415
1760456520027637,92.05796,206,68,Slave,Locked,415
1760456520124761,91.538124,206,68,Slave,Locked,415
1760456520225540,90.84243,219,68,Slave,Locked,415
1760456520325165,89.52788,219,68,Slave,Locked,415
1760456520424737,88.65775,227,68,Slave,Locked,415
1760456520525639,86.57655,227,68,Slave,Locked,415
1760456520625155,85.72397,231,68,Slave,Locked,415
1760456520724566,84.119125,231,68,Slave,Locked,415
1760456520825533,84.24189,232,68,Slave,Locked,415
1760456520925698,83.904274,232,68,Slave,Locked,416
1760456521027356,86.3464,226,68,Slave,Locked,416
1760456521124438,86.69559,226,68,Slave,Locked,416
1760456521225184,89.286865,218,68,Slave,Locked,416
1760456521325190,89.81087,218,68,Slave,Locked,416
1760456521425169,91.51419,211,68,Slave,Locked,416
1760456521525939,92.10207,211,68,Slave,Locked,416
1760456521626495,93.19326,204,68,Slave,Locked,416
1760456521723974,93.4945,204,68,Slave,Locked,416
1760456521825393,94.34011,198,68,Slave,Locked,416
1760456521924164,95.05731,198,68,Slave,Locked,415
1760456522026872,94.72254,192,68,Slave,Locked,415
1760456522124015,95.03706,192,68,Slave,Locked,415
1760456522225750,93.97733,187,68,Slave,Locked,415
1760456522325010,94.21825,187,68,Slave,Locked,415
1760456522425140,93.21471,185,68,Slave,Locked,415
1760456522526613,93.65684,185,68,Slave,Locked,415
1760456522625759,92.92825,183,68,Slave,Locked,415
1760456522724444,93.06825,183,68,Slave,Locked,415
1760456522825827,92.249855,182,68,Slave,Locked,415
1760456522924074,92.493515,182,68,Slave,Locked,418
1760456523027229,91.37422,182,68,Slave,Locked,418
1760456523125703,91.46164,182,68.062,Slave,Locked,418
1760456523226138,90.46985,181,68,Slave,Locked,418
1760456523325994,90.22631,181,68,Slave,Locked,418
1760456523425728,89.94526,180,68,Slave,Locked,418
1760456523526721,89.90997,180,68,Slave,Locked,418
1760456523625757,89.44025,179,68,Slave,Locked,418
1760456523724220,89.39432,179,68,Slave,Locked,418
1760456523825531,89.04511,180,68,Slave,Locked,418
1760456523924101,88.91138,180,68,Slave,Locked,423
1760456524026713,88.89193,181,68,Slave,Locked,423
1760456524124201,88.953,181,68,Slave,Locked,423
1760456524225038,88.84552,181,68,Slave,Locked,423
1760456524325886,88.79508,181,68,Slave,Locked,423
1760456524424894,88.45766,181,68.062,Slave,Locked,423
1760456524525762,88.40479,181,68,Slave,Locked,423
1760456524625232,88.05532,180,68,Slave,Locked,423
1760456524724171,87.87226,180,68,Slave,Locked,423
1760456524825368,88.01371,178,68,Slave,Locked,423
1760456524924790,87.85179,178,68,Slave,Locked,433
1760456525026649,87.991455,178,68,Slave,Locked,433
1760456525124090,87.96973,178,68,Slave,Locked,433
1760456525224975,87.89783,176,68,Slave,Locked,433
1760456525324905,88.15327,176,68,Slave,Locked,433
1760456525424971,88.34644,175,68,Slave,Locked,433
1760456525526718,88.42435,175,68,Slave,Locked,433
1760456525626286,88.35137,175,68,Slave,Locked,433
1760456525725006,88.54899,175,68,Slave,Locked,433
1760456525829674,88.22894,175,68,Slave,Locked,431
1760456525924718,88.0559,175,68,Slave,Locked,431
1760456526027326,88.15353,176,68,Slave,Locked,431
1760456526125670,88.32335,176,68,Slave,Locked,431
1760456526224855,88.091446,176,68,Slave,Locked,431
1760456526325191,87.9367,176,68.062,Slave,Locked,431
1760456526424612,87.51572,176,68,Slave,Locked,431
1760456526525876,87.50753,176,68,Slave,Locked,431
1760456526625915,87.49617,177,68.062,Slave,Locked,431
1760456526725325,87.44309,177,68,Slave,Locked,431
1760456526830672,87.37882,178,68,Slave,Locked,425
1760456526924226,87.3803,178,68,Slave,Locked,425
1760456527026784,87.56385,179,68,Slave,Locked,425
1760456527125358,87.55592,179,68.062,Slave,Locked,425
1760456527225193,87.5075,180,68.062,Slave,Locked,425
1760456527325370,87.45054,180,68.062,Slave,Locked,425
1760456527425307,87.355606,180,68,Slave,Locked,425
1760456527525979,87.28468,180,68.062,Slave,Locked,425
1760456527626457,87.353325,180,68.062,Slave,Locked,425
1760456527724359,87.26349,180,68.062,Slave,Locked,425
1760456527830083,87.3987,180,68.062,Slave,Locked,425
1760456527924802,87.33618,180,68,Slave,Locked,425
1760456528027031,87.37776,181,68,Slave,Locked,425
1760456528124429,87.316414,181,68.062,Slave,Locked,425
1760456528225501,87.57623,182,68.062,Slave,Locked,425
1760456528325294,87.54971,182,68.062,Slave,Locked,425
1760456528425240,87.518456,183,68,Slave,Locked,425
1760456528526187,87.49869,183,68,Slave,Locked,425
1760456528625650,87.48632,184,68.062,Slave,Locked,425
1760456528725162,87.48918,184,68.062,Slave,Locked,425
1760456528831087,87.39878,185,68.062,Slave,Locked,428
1760456528924357,87.233765,185,68.062,Slave,Locked,428
1760456529026960,87.36507,186,68.062,Slave,Locked,428
1760456529126298,87.37543,186,68.062,Slave,Locked,428
1760456529225612,87.52327,187,68.062,Slave,Locked,428
1760456529325474,87.41595,187,68.062,Slave,Locked,428
1760456529425766,87.45688,189,68.062,Slave,Locked,428
1760456529526027,87.342766,189,68.062,Slave,Locked,428
1760456529625806,87.36531,191,68.062,Slave,Locked,428
1760456529724484,87.22771,191,68.062,Slave,Locked,428
1760456529830289,87.30398,192,68.062,Slave,Locked,437
1760456529926177,87.16603,192,68.062,Slave,Locked,437
1760456530026746,87.16216,193,68.062,Slave,Locked,437
1760456530124847,86.96519,193,68.062,Slave,Locked,437
1760456530225128,86.8367,194,68.062,Slave,Locked,437
1760456530325488,86.7334,194,68.062,Slave,Locked,437
1760456530426315,86.93761,195,68.062,Slave,Locked,437
1760456530525877,86.83225,195,68.062,Slave,Locked,437
1760456530626727,87.180595,196,68.062,Slave,Locked,437
1760456530724465,87.24105,196,68.062,Slave,Locked,437
1760456530826942,87.377205,197,68.062,Slave,Locked,435
1760456530925390,87.23071,197,68.062,Slave,Locked,435
1760456531027562,87.382774,198,68.062,Slave,Locked,435
1760456531125570,87.31814,198,68.062,Slave,Locked,435
1760456531226121,87.39402,199,68.062,Slave,Locked,435
1760456531326229,87.28809,199,68.062,Slave,Locked,435
1760456531425564,87.40633,200,68.062,Slave,Locked,435
1760456531527409,87.37116,200,68.062,Slave,Locked,435
1760456531625669,87.51707,201,68.062,Slave,Locked,435
1760456531724515,87.443245,201,68.062,Slave,Locked,435
1760456531825375,87.54708,202,68.062,Slave,Locked,435
1760456531924517,87.421455,202,68.062,Slave,Locked,435
1760456532028144,87.50421,203,68.062,Slave,Locked,435
1760456532125689,87.50202,203,68.062,Slave,Locked,435
1760456532224914,87.577,203,68.062,Slave,Locked,435
1760456532326311,87.45163,203,68.062,Slave,Locked,435
1760456532425302,87.570206,204,68.062,Slave,Locked,435
1760456532526153,87.463,204,68.062,Slave,Locked,435
1760456532625469,87.50807,205,68.062,Slave,Locked,435
1760456532724821,87.42365,205,68.062,Slave,Locked,435
1760456532825809,87.5128,206,68.062,Slave,Locked,438
1760456532924573,87.42,206,68.062,Slave,Locked,438
1760456533027434,87.54387,207,68.062,Slave,Locked,438
1760456533124784,87.46385,207,68.062,Slave,Locked,438
1760456533225781,87.34394,208,68.062,Slave,Locked,438
1760456533325376,87.30031,208,68.062,Slave,Locked,438
1760456533425409,87.40307,209,68.062,Slave,Locked,438
1760456533526633,87.311646,209,68.062,Slave,Locked,438
1760456533627243,87.33957,210,68.062,Slave,Locked,438
1760456533725167,87.25871,210,68.062,Slave,Locked,438
1760456533825477,87.31208,211,68.062,Slave,Locked,441
1760456533924456,87.28114,211,68.062,Slave,Locked,441
1760456534027231,87.39996,212,68.062,Slave,Locked,441
1760456534125224,87.29406,212,68.062,Slave,Locked,441
1760456534225192,87.32901,212,68.062,Slave,Locked,441
1760456534325693,87.275734,212,68.062,Slave,Locked,441
1760456534425498,87.352715,213,68.062,Slave,Locked,441
1760456534526451,87.28005,213,68.062,Slave,Locked,441
1760456534625911,87.3808,214,68.062,Slave,Locked,441
1760456534725708,87.30433,214,68.062,Slave,Locked,441
1760456534825663,87.40566,215,68.062,Slave,Locked,437
1760456534925154,87.38014,215,68.062,Slave,Locked,437
1760456535027911,87.478004,215,68.062,Slave,Locked,437
1760456535125754,87.44063,215,68.062,Slave,Locked,437
1760456535226086,87.38669,216,68.062,Slave,Locked,437
1760456535325635,87.313805,216,68.062,Slave,Locked,437
1760456535425406,87.40024,216,68.062,Slave,Locked,437
1760456535527120,87.353935,216,68.062,Slave,Locked,437
1760456535625793,87.41567,217,68.062,Slave,Locked,437
1760456535728652,87.355095,217,68.062,Slave,Locked,437
1760456535826299,87.56269,218,68.062,Slave,Locked,437
1760456535925449,87.57121,218,68.062,Slave,Locked,437
1760456536027930,87.501595,219,68.062,Slave,Locked,437
1760456536124986,87.45881,219,68.062,Slave,Locked,437
1760456536225661,87.59736,220,68.062,Slave,Locked,437
1760456536326886,87.61022,220,68.062,Slave,Locked,437
1760456536426306,87.53372,221,68.062,Slave,Locked,437
1760456536526418,87.413124,221,68.062,Slave,Locked,437
1760456536627490,87.41909,221,68.062,Slave,Locked,437
1760456536730162,87.294495,221,68.062,Slave,Locked,437
1760456536826209,87.30439,222,68.062,Slave,Locked,437
1760456536924840,87.145256,222,68.062,Slave,Locked,437
1760456537028054,87.10198,223,68.062,Slave,Locked,437
1760456537124934,87.00162,223,68.062,Slave,Locked,437
1760456537225526,87.05461,224,68.062,Slave,Locked,437
1760456537326302,86.84078,224,68.062,Slave,Locked,437
1760456537425870,86.81107,225,68.062,Slave,Locked,437
1760456537526526,86.7108,225,68.062,Slave,Locked,437
1760456537625497,86.6141,225,68.062,Slave,Locked,437
1760456537728809,86.52886,225,68.062,Slave,Locked,435
1760456537825717,86.509476,225,68.062,Slave,Locked,435
1760456537924441,86.4322,225,68.062,Slave,Locked,435
1760456538027271,86.57719,225,68.062,Slave,Locked,435
1760456538126375,86.56372,225,68.062,Slave,Locked,435
1760456538225684,86.69638,225,68.062,Slave,Locked,435
1760456538326073,86.611855,225,68.062,Slave,Locked,435
1760456538425354,86.694496,225,68.062,Slave,Locked,435
1760456538526724,86.72222,225,68.062,Slave,Locked,435
1760456538626103,86.635574,226,68.062,Slave,Locked,435
1760456538730644,86.59021,226,68.062,Slave,Locked,436
1760456538825641,86.45115,227,68.062,Slave,Locked,436
1760456538924942,86.28805,227,68.062,Slave,Locked,436
1760456539027215,86.20984,228,68.062,Slave,Locked,436
1760456539125087,86.112175,228,68.062,Slave,Locked,436
1760456539225763,85.9677,229,68.062,Slave,Locked,436
1760456539325813,85.75974,229,68.062,Slave,Locked,436
1760456539425623,85.501785,230,68.062,Slave,Locked,436
1760456539526840,85.335915,230,68.062,Slave,Locked,436
1760456539626812,85.35076,231,68.062,Slave,Locked,436
1760456539728949,85.300385,231,68.062,Slave,Locked,434
1760456539825910,85.443855,232,68.062,Slave,Locked,434
1760456539926142,85.439735,232,68.062,Slave,Locked,434
1760456540028139,85.54411,233,68.062,Slave,Locked,434
1760456540125124,85.519485,233,68.062,Slave,Locked,434
1760456540225357,85.58155,233,68.062,Slave,Locked,434
1760456540326439,85.52542,233,68.062,Slave,Locked,434
1760456540425727,85.58907,233,68.062,Slave,Locked,434
1760456540526536,85.43993,233,68.062,Slave,Locked,434
1760456540625842,85.45584,233,68.062,Slave,Locked,434
1760456540725608,85.33994,233,68.062,Slave,Locked,437
1760456540825658,85.477066,233,68.062,Slave,Locked,437
1760456540925283,85.42853,233,68.062,Slave,Locked,437
1760456541028435,85.50555,234,68.062,Slave,Locked,437
1760456541126687,85.50436,234,68.062,Slave,Locked,437
1760456541226313,85.50562,235,68.062,Slave,Locked,437
1760456541325897,85.51362,235,68.062,Slave,Locked,437
1760456541425620,85.46146,236,68.062,Slave,Locked,437
1760456541526569,85.44543,236,68.062,Slave,Locked,437
1760456541625948,85.45788,237,68.062,Slave,Locked,437
1760456541725063,85.44047,237,68.062,Slave,Locked,433
1760456541826157,85.429276,237,68.062,Slave,Locked,433
1760456541925853,85.38979,237,68.062,Slave,Locked,433
1760456542028422,85.49252,238,68.062,Slave,Locked,433
1760456542125714,85.42817,238,68.062,Slave,Locked,433
1760456542225811,85.52601,239,68.062,Slave,Locked,433
1760456542326267,85.53968,239,68.062,Slave,Locked,433
1760456542425894,85.68166,239,68.062,Slave,Locked,433
1760456542526609,85.64921,239,68.062,Slave,Locked,433
1760456542626603,85.73202,239,68.062,Slave,Locked,433
1760456542724824,85.705025,239,68.062,Slave,Locked,435
1760456542825755,85.71783,239,68.062,Slave,Locked,435
1760456542925143,85.59326,239,68.062,Slave,Locked,435
1760456543027935,85.43354,240,68.062,Slave,Locked,435
1760456543125629,85.589745,240,68.062,Slave,Locked,435
1760456543226160,85.80475,241,68.062,Slave,Locked,435
1760456543326762,85.777596,241,68.062,Slave,Locked,435
1760456543425964,85.81037,241,68.062,Slave,Locked,435
1760456543527180,85.84323,241,68.062,Slave,Locked,435
1760456543626765,85.73441,240,68.062,Slave,Locked,435
1760456543725930,85.849655,240,68.062,Slave,Locked,435
1760456543826853,85.712555,240,68.062,Slave,Locked,435
1760456543924950,85.82553,240,68.062,Slave,Locked,435
1760456544028491,85.98209,241,68.062,Slave,Locked,435
1760456544125463,85.99917,241,68.062,Slave,Locked,435
1760456544226852,86.16349,241,68.062,Slave,Locked,435
1760456544327206,86.280594,241,68.062,Slave,Locked,435
1760456544426820,86.47212,241,68.062,Slave,Locked,435
1760456544527649,86.766235,241,68.062,Slave,Locked,435
1760456544626549,86.41483,241,68.062,Slave,Locked,435
1760456544724907,86.43145,241,68.062,Slave,Locked,435
1760456544826441,86.47603,241,68.062,Slave,Locked,435
1760456544926975,86.40352,241,68.062,Slave,Locked,435
1760456545028309,86.46803,241,68.062,Slave,Locked,435
1760456545124945,86.5821,241,68.062,Slave,Locked,435
1760456545225809,86.67858,241,68.062,Slave,Locked,435
1760456545325955,86.77026,241,68.062,Slave,Locked,435
1760456545425442,86.76991,241,68.125,Slave,Locked,435
1760456545526737,86.73286,241,68.062,Slave,Locked,435
1760456545630049,86.597244,241,68.062,Slave,Locked,445
1760456545724788,86.599495,241,68.062,Slave,Locked,445
1760456545825687,86.67328,241,68.062,Slave,Locked,445
1760456545925121,86.65607,241,68.062,Slave,Locked,445
1760456546027755,86.6407,241,68.062,Slave,Locked,445
1760456546125904,86.65706,241,68.062,Slave,Locked,445
1760456546226459,86.6762,241,68.062,Slave,Locked,445
1760456546326812,86.80003,241,68.062,Slave,Locked,445
1760456546426983,87.036224,241,68.062,Slave,Locked,445
1760456546527257,87.015884,241,68.062,Slave,Locked,445
1760456546632159,87.10306,240,68.062,Slave,Locked,446
1760456546725150,87.15204,240,68.062,Slave,Locked,446
1760456546825775,87.17384,240,68.125,Slave,Locked,446
1760456546925145,87.167915,240,68.062,Slave,Locked,446
1760456547028273,87.20695,239,68.125,Slave,Locked,446
1760456547124821,87.36958,239,68.062,Slave,Locked,446
1760456547226705,87.47733,238,68.062,Slave,Locked,446
1760456547327397,87.64801,238,68.125,Slave,Locked,446
1760456547425977,87.70007,237,68.125,Slave,Locked,446
1760456547526595,87.735634,237,68.125,Slave,Locked,446
1760456547630552,87.531425,237,68.062,Slave,Locked,449
1760456547725105,87.46824,237,68.062,Slave,Locked,449
1760456547825437,87.41799,237,68.125,Slave,Locked,449
1760456547925260,87.40625,237,68.062,Slave,Locked,449
1760456548028425,87.22864,237,68.125,Slave,Locked,449
1760456548125588,87.25181,237,68.125,Slave,Locked,449
1760456548225909,87.11972,237,68.125,Slave,Locked,449
1760456548326424,86.9965,237,68.125,Slave,Locked,449
1760456548426353,86.762474,238,68.125,Slave,Locked,449
1760456548527722,86.66132,238,68.125,Slave,Locked,449
1760456548631593,86.5287,240,68.125,Slave,Locked,449
1760456548725574,86.4043,240,68.125,Slave,Locked,449
1760456548827467,86.18345,242,68.125,Slave,Locked,449
1760456548925073,85.93176,242,68.125,Slave,Locked,449
1760456549029317,85.7804,244,68.125,Slave,Locked,449
1760456549125467,85.66018,244,68.125,Slave,Locked,449
1760456549226236,85.49689,245,68.125,Slave,Locked,449
1760456549326748,85.39033,245,68.125,Slave,Locked,449
1760456549427410,85.49695,246,68.125,Slave,Locked,449
1760456549528054,85.5002,246,68.125,Slave,Locked,449
1760456549630333,85.73629,247,68.125,Slave,Locked,453
1760456549726030,85.70675,247,68.125,Slave,Locked,453
1760456549826982,85.96334,248,68.125,Slave,Locked,453
1760456549926420,85.99689,248,68.125,Slave,Locked,453
1760456550028976,86.29675,249,68.125,Slave,Locked,453
1760456550126585,86.43694,249,68.125,Slave,Locked,453
1760456550226943,86.656075,249,68.125,Slave,Locked,453
1760456550326976,86.69663,249,68.125,Slave,Locked,453
1760456550426639,86.82538,249,68.125,Slave,Locked,453
1760456550527518,86.765564,249,68.125,Slave,Locked,453
1760456550626557,86.94648,249,68.125,Slave,Locked,457
1760456550725952,86.9638,249,68.125,Slave,Locked,457
1760456550825900,87.17094,250,68.125,Slave,Locked,457
1760456550926614,87.24421,250,68.125,Slave,Locked,457
1760456551028139,87.38542,251,68.125,Slave,Locked,457
1760456551125431,87.45316,251,68.125,Slave,Locked,457
1760456551226664,87.58745,252,68.125,Slave,Locked,457
1760456551327278,87.696205,252,68.125,Slave,Locked,457
1760456551426275,87.78231,252,68.125,Slave,Locked,457
1760456551526918,87.85926,252,68.125,Slave,Locked,457
1760456551626603,87.83667,250,68.125,Slave,Locked,465
1760456551725774,87.99633,250,68.125,Slave,Locked,465
1760456551826974,88.26726,243,68.125,Slave,Locked,465
1760456551925530,88.27662,243,68.125,Slave,Locked,465
1760456552029179,88.50531,239,68.125,Slave,Locked,465
1760456552125852,88.665794,239,68.125,Slave,Locked,465
1760456552226702,88.93423,242,68.125,Slave,Locked,465
1760456552326642,89.09472,242,68.125,Slave,Locked,465
1760456552427538,89.36136,247,68.125,Slave,Locked,465
1760456552527028,89.71915,247,68.125,Slave,Locked,465
1760456552627795,90.15089,250,68.125,Slave,Locked,473
1760456552726114,90.68344,250,68.125,Slave,Locked,473
1760456552826768,89.7158,256,68.125,Slave,Locked,473
1760456552925212,89.66504,256,68.125,Slave,Locked,473
1760456553029323,88.4483,260,68.125,Slave,Locked,473
1760456553125874,87.52225,260,68.125,Slave,Locked,473
1760456553226886,87.29189,263,68.125,Slave,Locked,473
1760456553327782,86.86667,263,68.125,Slave,Locked,473
1760456553427268,87.35911,264,68.125,Slave,Locked,473
1760456553527194,87.13665,264,68.125,Slave,Locked,473
1760456553626794,86.9074,269,68.125,Slave,Locked,476
1760456553725983,86.07427,269,68.125,Slave,Locked,476
1760456553826889,86.5807,273,68.125,Slave,Locked,476
1760456553926855,86.6113,273,68.125,Slave,Locked,476
1760456554028170,86.32208,278,68.125,Slave,Locked,476
1760456554126385,86.874626,278,68.125,Slave,Locked,476
1760456554227320,88.19931,278,68.125,Slave,Locked,476
1760456554327911,87.525185,278,68.125,Slave,Locked,476
1760456554426666,86.63373,278,68.125,Slave,Locked,476
1760456554527717,86.526794,278,68.125,Slave,Locked,476
1760456554627126,86.88261,279,68.125,Slave,Locked,481
1760456554726383,86.9725,279,68.125,Slave,Locked,481
1760456554826570,87.43435,279,68.125,Slave,Locked,481
1760456554925803,87.05359,279,68.125,Slave,Locked,481
1760456555029632,88.18193,278,68.125,Slave,Locked,481
1760456555126421,88.51769,278,68.125,Slave,Locked,481
1760456555226127,88.46024,278,68.125,Slave,Locked,481
1760456555327154,88.68727,278,68.125,Slave,Locked,481
1760456555427677,88.57839,278,68.125,Slave,Locked,481
1760456555531349,88.343254,278,68.125,Slave,Locked,482
1760456555626600,88.62844,277,68.125,Slave,Locked,482
1760456555725886,88.81701,277,68.125,Slave,Locked,482
1760456555827041,88.82057,279,68.125,Slave,Locked,482
1760456555925739,89.088,279,68.125,Slave,Locked,482
1760456556028922,88.783676,280,68.125,Slave,Locked,482
1760456556126777,88.83849,280,68.125,Slave,Locked,482
1760456556227022,89.29686,280,68.125,Slave,Locked,482
1760456556327547,89.0023,280,68.125,Slave,Locked,482
1760456556426893,88.96975,280,68.125,Slave,Locked,482
1760456556533652,89.343155,280,68.125,Slave,Locked,483
1760456556626954,88.917244,277,68.125,Slave,Locked,483
1760456556726360,88.65797,277,68.125,Slave,Locked,483
1760456556826934,89.46632,275,68.125,Slave,Locked,483
1760456556928084,89.14992,275,68.125,Slave,Locked,483
1760456557029418,88.81045,273,68.125,Slave,Locked,483
1760456557126755,89.4078,273,68.125,Slave,Locked,483
1760456557228297,89.619774,268,68.125,Slave,Locked,483
1760456557328310,89.65787,268,68.125,Slave,Locked,483
1760456557427440,89.75703,263,68.125,Slave,Locked,483
1760456557531807,90.43862,263,68.125,Slave,Locked,492
1760456557626744,90.18491,258,68.125,Slave,Locked,492
1760456557727081,90.41735,258,68.125,Slave,Locked,492
1760456557827342,90.302345,253,68.125,Slave,Locked,492
1760456557926762,90.69222,253,68.125,Slave,Locked,492
1760456558028707,90.81054,251,68.125,Slave,Locked,492
1760456558126688,91.677025,251,68.125,Slave,Locked,492
1760456558226505,91.936134,249,68.125,Slave,Locked,492
1760456558328437,91.79002,249,68.125,Slave,Locked,492
1760456558428699,91.21191,247,68.125,Slave,Locked,492
1760456558533693,91.94243,247,68.125,Slave,Locked,500
1760456558627037,91.62417,244,68.125,Slave,Locked,500
1760456558725956,91.76992,244,68.125,Slave,Locked,500
1760456558827205,90.63075,241,68.125,Slave,Locked,500
1760456558926547,91.00655,241,68.125,Slave,Locked,500
1760456559028513,90.76988,235,68.125,Slave,Locked,500
1760456559125843,91.02543,235,68.125,Slave,Locked,500
1760456559227684,91.73326,232,68.125,Slave,Locked,500
1760456559327172,91.33884,232,68.125,Slave,Locked,500
1760456559427751,91.50304,225,68.125,Slave,Locked,500
1760456559532549,91.78226,225,68.125,Slave,Locked,506
1760456559627502,91.88,222,68.125,Slave,Locked,506
1760456559725922,92.004486,222,68.125,Slave,Locked,506
1760456559826720,91.32385,220,68.125,Slave,Locked,506
1760456559928332,92.57762,220,68.125,Slave,Locked,506
1760456560028470,91.78859,217,68.125,Slave,Locked,506
1760456560125913,91.94694,217,68.125,Slave,Locked,506
1760456560227267,92.54209,217,68.125,Slave,Locked,506
1760456560327239,92.71814,217,68.125,Slave,Locked,506
1760456560427017,91.4806,215,68.125,Slave,Locked,506
1760456560528166,91.5744,215,68.125,Slave,Locked,512
1760456560627099,91.2754,213,68.125,Slave,Locked,512
1760456560725715,91.38446,213,68.125,Slave,Locked,512
1760456560827040,90.8413,209,68.125,Slave,Locked,512
1760456560925884,91.520744,209,68.125,Slave,Locked,512
1760456561028545,91.50531,207,68.125,Slave,Locked,512
1760456561126048,90.839935,207,68.125,Slave,Locked,512
1760456561227210,91.267136,204,68.125,Slave,Locked,512
1760456561327895,91.598145,204,68.125,Slave,Locked,512
1760456561428644,91.92851,199,68.125,Slave,Locked,512
1760456561528266,92.013855,199,68.125,Slave,Locked,519
1760456561627268,91.786606,195,68.125,Slave,Locked,519
1760456561726115,92.48806,195,68.125,Slave,Locked,519
1760456561827580,92.14686,193,68.125,Slave,Locked,519
1760456561926482,92.17703,193,68.125,Slave,Locked,519
1760456562029376,91.822495,193,68.125,Slave,Locked,519
1760456562125984,92.61353,193,68.125,Slave,Locked,519
1760456562226931,92.84433,194,68.125,Slave,Locked,519
1760456562327630,92.98362,194,68.125,Slave,Locked,519
1760456562427242,92.20808,195,68.187,Slave,Locked,519
1760456562528122,92.6187,195,68.125,Slave,Locked,524
1760456562627646,92.259094,196,68.125,Slave,Locked,524
1760456562726370,92.17166,196,68.125,Slave,Locked,524
1760456562827203,91.59338,198,68.125,Slave,Locked,524
1760456562927835,91.71059,198,68.125,Slave,Locked,524
1760456563029473,91.95661,201,68.125,Slave,Locked,524
1760456563126959,91.93022,201,68.187,Slave,Locked,524
1760456563226983,92.11801,205,68.187,Slave,Locked,524
1760456563327537,92.23176,205,68.187,Slave,Locked,524
1760456563426743,92.59322,210,68.125,Slave,Locked,524
1760456563527701,92.51893,210,68.187,Slave,Locked,529
1760456563627134,92.5035,216,68.125,Slave,Locked,529
1760456563726033,92.57763,216,68.187,Slave,Locked,529
1760456563827410,92.68483,222,68.125,Slave,Locked,529
1760456563926419,92.76539,222,68.187,Slave,Locked,529
1760456564028827,93.400925,227,68.187,Slave,Locked,529
1760456564126438,93.11569,227,68.187,Slave,Locked,529
1760456564227811,93.62717,231,68.187,Slave,Locked,529
1760456564329163,93.64708,231,68.125,Slave,Locked,529
1760456564429221,94.46729,232,68.187,Slave,Locked,529
1760456564528277,94.35103,232,68.187,Slave,Locked,535
1760456564626733,95.131546,233,68.187,Slave,Locked,535
1760456564726016,94.83613,233,68.187,Slave,Locked,535
1760456564827972,95.66995,232,68.187,Slave,Locked,535
1760456564926733,95.61336,232,68.187,Slave,Locked,535
1760456565029573,96.45515,231,68.125,Slave,Locked,535
1760456565126285,96.43872,231,68.187,Slave,Locked,535
1760456565227406,97.27462,231,68.187,Slave,Locked,535
1760456565328150,97.45725,231,68.187,Slave,Locked,535
1760456565431047,97.766075,231,68.187,Slave,Locked,545
1760456565527658,97.90471,231,68.187,Slave,Locked,545
1760456565627856,98.258255,232,68.187,Slave,Locked,545
1760456565726416,98.396805,232,68.187,Slave,Locked,545
1760456565827161,98.23208,232,68.187,Slave,Locked,545
1760456565926201,98.32381,232,68.187,Slave,Locked,545
1760456566028601,97.92844,234,68.187,Slave,Locked,545
1760456566126032,98.11832,234,68.187,Slave,Locked,545
1760456566226925,98.172874,235,68.187,Slave,Locked,545
1760456566328357,98.253136,235,68.187,Slave,Locked,545
1760456566433032,98.307434,236,68.187,Slave,Locked,550
1760456566528475,98.21078,236,68.187,Slave,Locked,550
1760456566627159,98.52981,237,68.187,Slave,Locked,550
1760456566728623,98.5705,237,68.187,Slave,Locked,550
1760456566827932,98.39716,237,68.187,Slave,Locked,550
1760456566927224,98.396225,237,68.187,Slave,Locked,550
1760456567028870,98.857,237,68.187,Slave,Locked,550
1760456567127085,98.85644,237,68.187,Slave,Locked,550
1760456567228000,99.04574,238,68.187,Slave,Locked,550
1760456567329188,98.83684,238,68.187,Slave,Locked,550
1760456567432045,99.19539,239,68.187,Slave,Locked,557
1760456567528806,98.9846,239,68.187,Slave,Locked,557
1760456567628529,99.048065,244,68.187,Slave,Locked,557
1760456567727727,99.346054,244,68.187,Slave,Locked,557
1760456567828500,99.21146,252,68.187,Slave,Locked,557
1760456567927316,99.310036,252,68.187,Slave,Locked,557
1760456568030251,99.12351,260,68.187,Slave,Locked,557
1760456568127481,99.272934,260,68.187,Slave,Locked,557
1760456568230201,99.667114,269,68.187,Slave,Locked,557
1760456568329019,99.55224,269,68.187,Slave,Locked,557
1760456568433453,99.72883,275,68.187,Slave,Locked,562
1760456568528895,99.346924,275,68.187,Slave,Locked,562
1760456568628399,99.79624,281,68.187,Slave,Locked,562
1760456568726952,99.5044,281,68.187,Slave,Locked,562
1760456568828800,100.83745,285,68.187,Slave,Locked,562
1760456568929373,100.51117,285,68.187,Slave,Locked,562
1760456569030155,101.57001,290,68.187,Slave,Locked,562
1760456569128067,101.02409,290,68.187,Slave,Locked,562
1760456569228489,102.315384,299,68.187,Slave,Locked,562
1760456569329460,102.446434,299,68.187,Slave,Locked,562
1760456569432742,103.16506,303,68.187,Slave,Locked,545
1760456569528463,102.70557,303,68.187,Slave,Locked,545
1760456569627888,103.47529,313,68.187,Slave,Locked,545
1760456569728165,103.532814,313,68.187,Slave,Locked,545
1760456569828049,103.9717,320,68.187,Slave,Locked,545
1760456569928550,103.64964,320,68.187,Slave,Locked,545
1760456570030024,103.73522,329,68.187,Slave,Locked,545
1760456570128520,103.33174,329,68.187,Slave,Locked,545
1760456570228683,104.64089,339,68.187,Slave,Locked,545
1760456570330384,104.673775,339,68.187,Slave,Locked,545
1760456570428167,104.58366,340,68.187,Slave,Locked,538
1760456570529559,103.7608,340,68.187,Slave,Locked,538
1760456570628227,105.13856,342,68.187,Slave,Locked,538
1760456570728110,104.89538,342,68.187,Slave,Locked,538
1760456570827968,105.44207,342,68.187,Slave,Locked,538
1760456570927837,105.12292,342,68.187,Slave,Locked,538
1760456571029584,105.8773,342,68.187,Slave,Locked,538
1760456571128345,105.37773,342,68.187,Slave,Locked,538
1760456571229325,106.92086,345,68.187,Slave,Locked,538
1760456571329652,107.24654,345,68.187,Slave,Locked,538
1760456571428507,107.470634,350,68.187,Slave,Locked,529
1760456571530987,107.08992,350,68.187,Slave,Locked,529
1760456571628988,107.24468,355,68.187,Slave,Locked,529
1760456571727144,107.27979,355,68.187,Slave,Locked,529
1760456571828358,107.682625,358,68.187,Slave,Locked,529
1760456571927153,107.38091,358,68.187,Slave,Locked,529
1760456572029649,107.05778,359,68.187,Slave,Locked,529
1760456572127755,106.837585,359,68.187,Slave,Locked,529
1760456572228642,107.30075,357,68.187,Slave,Locked,529
1760456572330666,106.6997,357,68.187,Slave,Locked,529
1760456572428705,106.81771,363,68.187,Slave,Locked,521
1760456572528714,106.941025,363,68.187,Slave,Locked,521
1760456572628177,107.56076,370,68.187,Slave,Locked,521
1760456572728870,107.34135,370,68.187,Slave,Locked,521
1760456572828817,107.80994,373,68.187,Slave,Locked,521
1760456572928387,107.69785,373,68.187,Slave,Locked,521
1760456573030009,108.088684,374,68.187,Slave,Locked,521
1760456573127244,108.008125,374,68.187,Slave,Locked,521
1760456573227923,107.073235,371,68.187,Slave,Locked,521
1760456573330216,106.62184,371,68.187,Slave,Locked,521
1760456573427722,107.063385,369,68.187,Slave,Locked,513
1760456573529561,106.61842,369,68.187,Slave,Locked,513
1760456573628349,107.40094,370,68.187,Slave,Locked,513
1760456573728091,107.42367,370,68.187,Slave,Locked,513
1760456573827910,107.728806,371,68.187,Slave,Locked,513
1760456573927927,107.845024,371,68.187,Slave,Locked,513
1760456574030965,108.20747,369,68.187,Slave,Locked,513
1760456574128962,108.41632,369,68.187,Slave,Locked,513
1760456574229866,107.89813,371,68.187,Slave,Locked,513
1760456574330777,108.17913,371,68.187,Slave,Locked,513
1760456574428432,107.8439,375,68.187,Slave,Locked,507
1760456574530997,107.53909,375,68.187,Slave,Locked,507
1760456574628601,107.581924,381,68.187,Slave,Locked,507
1760456574727291,107.54927,381,68.187,Slave,Locked,507
1760456574828236,107.87216,382,68.187,Slave,Locked,507
1760456574927344,107.9908,382,68.187,Slave,Locked,507
1760456575030290,107.548096,382,68.187,Slave,Locked,507
1760456575128218,107.415016,382,68.187,Slave,Locked,507
1760456575228895,107.49717,382,68.187,Slave,Locked,507
1760456575334877,107.09358,382,68.187,Slave,Locked,504
1760456575428446,107.287445,383,68.187,Slave,Locked,504
1760456575529108,107.088905,383,68.187,Slave,Locked,504
1760456575627890,108.02099,383,68.187,Slave,Locked,504
1760456575728745,107.925156,383,68.187,Slave,Locked,504
1760456575827776,108.01095,378,68.187,Slave,Locked,504
1760456575927485,108.1586,378,68.187,Slave,Locked,504
1760456576029671,108.2467,378,68.187,Slave,Locked,504
1760456576128550,108.19002,378,68.187,Slave,Locked,504
1760456576227924,108.110954,375,68.187,Slave,Locked,504
1760456576335878,108.10123,375,68.187,Slave,Locked,514
1760456576428575,108.17275,376,68.187,Slave,Locked,514
1760456576530317,108.14275,376,68.187,Slave,Locked,514
1760456576628128,108.62755,375,68.187,Slave,Locked,514
1760456576728343,108.951065,375,68.187,Slave,Locked,514
1760456576828696,108.00309,377,68.187,Slave,Locked,514
1760456576928008,108.03181,377,68.187,Slave,Locked,514
1760456577029850,108.255516,376,68.187,Slave,Locked,514
1760456577128339,108.3127,376,68.187,Slave,Locked,514
1760456577229404,107.77895,378,68.187,Slave,Locked,514
1760456577334087,107.61625,378,68.187,Slave,Locked,527
1760456577428504,107.832756,380,68.187,Slave,Locked,527
1760456577529154,107.9079,380,68.187,Slave,Locked,527
1760456577628196,107.61423,381,68.187,Slave,Locked,527
1760456577727143,107.52116,381,68.187,Slave,Locked,527
1760456577828428,107.78755,386,68.187,Slave,Locked,527
1760456577926957,107.90141,386,68.187,Slave,Locked,527
1760456578030204,107.458755,384,68.187,Slave,Locked,527
1760456578128795,107.278114,384,68.187,Slave,Locked,527
1760456578228544,107.51156,380,68.187,Slave,Locked,527
1760456578332815,107.30928,380,68.187,Slave,Locked,532
1760456578427983,107.47595,384,68.187,Slave,Locked,532
1760456578529431,107.38883,384,68.187,Slave,Locked,532
1760456578628357,107.342995,393,68.187,Slave,Locked,532
1760456578728473,106.76166,393,68.187,Slave,Locked,532
1760456578828137,107.649864,400,68.187,Slave,Locked,532
1760456578927094,107.94804,400,68.187,Slave,Locked,532
1760456579029889,107.86375,404,68.25,Slave,Locked,532
1760456579127167,107.86772,404,68.187,Slave,Locked,532
1760456579228464,106.755264,409,68.187,Slave,Locked,532
1760456579333663,106.08643,409,68.25,Slave,Locked,542
1760456579427890,105.67243,415,68.187,Slave,Locked,542
1760456579528794,104.598564,415,68.187,Slave,Locked,542
1760456579627719,105.10825,416,68.187,Slave,Locked,542
1760456579727033,104.46079,416,68.187,Slave,Locked,542
1760456579828034,104.75124,417,68.187,Slave,Locked,542
1760456579927220,104.23008,417,68.187,Slave,Locked,542
1760456580029980,104.16719,421,68.187,Slave,Locked,542
1760456580127120,103.693504,421,68.25,Slave,Locked,542
1760456580229170,103.96152,422,68.187,Slave,Locked,542
1760456580329995,103.66602,422,68.187,Slave,Locked,548
1760456580428083,104.29891,422,68.187,Slave,Locked,548
1760456580528797,104.23223,422,68.187,Slave,Locked,548
1760456580628008,104.3654,424,68.25,Slave,Locked,548
1760456580727078,104.12058,424,68.187,Slave,Locked,548
1760456580828079,103.6765,426,68.187,Slave,Locked,548
1760456580927679,103.436295,426,68.25,Slave,Locked,548
1760456581029757,103.98753,428,68.187,Slave,Locked,548
1760456581127276,103.81917,428,68.187,Slave,Locked,548
1760456581228029,103.64989,432,68.25,Slave,Locked,548
1760456581329552,103.56144,432,68.187,Slave,Locked,553
1760456581428275,103.304565,435,68.187,Slave,Locked,553
1760456581529802,102.98024,435,68.187,Slave,Locked,553
1760456581628285,103.01808,435,68.25,Slave,Locked,553
1760456581728874,102.646805,435,68.25,Slave,Locked,553
1760456581828121,102.66399,439,68.187,Slave,Locked,553
1760456581927867,102.477684,439,68.25,Slave,Locked,553
1760456582030417,102.303085,443,68.25,Slave,Locked,553
1760456582127400,102.09121,443,68.187,Slave,Locked,553
1760456582229176,102.39608,444,68.187,Slave,Locked,553
1760456582331240,102.30335,444,68.187,Slave,Locked,559
1760456582428071,102.68849,444,68.25,Slave,Locked,559
1760456582529109,102.474625,444,68.187,Slave,Locked,559
1760456582628239,102.164566,444,68.187,Slave,Locked,559
1760456582727499,101.899155,444,68.187,Slave,Locked,559
1760456582828215,102.28866,446,68.25,Slave,Locked,559
1760456582927343,101.90455,446,68.187,Slave,Locked,559
1760456583029865,102.22001,452,68.25,Slave,Locked,559
1760456583127311,102.42548,452,68.25,Slave,Locked,559
1760456583229721,102.418,453,68.187,Slave,Locked,559
1760456583329891,102.52085,453,68.187,Slave,Locked,556
1760456583428286,102.73639,450,68.187,Slave,Locked,556
1760456583530275,102.67053,450,68.25,Slave,Locked,556
1760456583628328,102.431015,451,68.25,Slave,Locked,556
1760456583727717,102.50748,451,68.25,Slave,Locked,556
1760456583828144,102.401764,452,68.187,Slave,Locked,556
1760456583927752,102.1437,452,68.25,Slave,Locked,556
1760456584030993,102.9981,452,68.187,Slave,Locked,556
1760456584129201,103.09696,452,68.25,Slave,Locked,556
1760456584228565,103.354836,453,68.25,Slave,Locked,556
1760456584330161,103.543304,453,68.25,Slave,Locked,551
1760456584428178,103.02672,454,68.25,Slave,Locked,551
1760456584529770,102.83776,454,68.25,Slave,Locked,551
1760456584628392,102.85817,457,68.25,Slave,Locked,551
1760456584728653,102.55819,457,68.25,Slave,Locked,551
1760456584827819,102.567245,457,68.25,Slave,Locked,551
1760456584927427,102.34321,457,68.25,Slave,Locked,551
1760456585030160,102.08923,458,68.25,Slave,Locked,551
1760456585127538,101.98949,458,68.25,Slave,Locked,551
1760456585232113,101.95308,458,68.25,Slave,Locked,553
1760456585330773,101.82583,458,68.25,Slave,Locked,553
1760456585428164,101.85943,460,68.25,Slave,Locked,553
1760456585528871,101.60975,460,68.25,Slave,Locked,553
1760456585628859,102.08943,465,68.25,Slave,Locked,553
1760456585727891,102.0093,465,68.25,Slave,Locked,553
1760456585828336,101.95634,465,68.25,Slave,Locked,553
1760456585927825,101.84847,465,68.25,Slave,Locked,553
1760456586030074,101.82252,463,68.25,Slave,Locked,553
1760456586127989,101.91913,463,68.25,Slave,Locked,553
1760456586235411,101.75615,462,68.25,Slave,Locked,549
1760456586330546,101.77828,462,68.25,Slave,Locked,549
1760456586428177,101.87519,460,68.25,Slave,Locked,549
1760456586529949,101.93244,460,68.25,Slave,Locked,549
1760456586628779,102.657814,458,68.25,Slave,Locked,549
1760456586727878,102.98362,458,68.25,Slave,Locked,549
1760456586829244,103.33892,455,68.25,Slave,Locked,549
1760456586927374,103.72285,455,68.25,Slave,Locked,549
1760456587030261,103.72696,453,68.25,Slave,Locked,549
1760456587128114,103.9334,453,68.25,Slave,Locked,549
1760456587233376,104.04644,452,68.25,Slave,Locked,554
1760456587329522,104.143974,452,68.25,Slave,Locked,554
1760456587428488,103.93025,454,68.25,Slave,Locked,554
1760456587529281,104.06822,454,68.25,Slave,Locked,554
1760456587628082,104.04699,452,68.25,Slave,Locked,554
1760456587727453,104.07296,452,68.25,Slave,Locked,554
1760456587828506,103.8093,451,68.25,Slave,Locked,554
1760456587927432,103.70412,451,68.25,Slave,Locked,554
1760456588031057,103.46752,451,68.25,Slave,Locked,554
1760456588128932,103.34029,451,68.25,Slave,Locked,554
1760456588233303,103.06904,450,68.25,Slave,Locked,556
1760456588330050,102.92153,450,68.25,Slave,Locked,556
1760456588428142,103.15556,449,68.25,Slave,Locked,556
1760456588531805,103.34864,449,68.25,Slave,Locked,556
1760456588627866,103.18122,449,68.25,Slave,Locked,556
1760456588728954,103.24789,449,68.25,Slave,Locked,556
1760456588828358,103.167244,447,68.25,Slave,Locked,556
1760456588927366,103.0786,447,68.25,Slave,Locked,556
1760456589030283,102.97936,444,68.25,Slave,Locked,556
1760456589129420,103.09168,444,68.25,Slave,Locked,556
1760456589236572,103.10746,440,68.25,Slave,Locked,558
1760456589331975,103.119965,440,68.25,Slave,Locked,558
1760456589428341,103.114746,440,68.25,Slave,Locked,558
1760456589529931,103.07621,440,68.25,Slave,Locked,558
1760456589628356,103.13983,440,68.25,Slave,Locked,558
1760456589728388,103.390175,440,68.25,Slave,Locked,558
1760456589828236,103.40402,440,68.25,Slave,Locked,558
1760456589928198,103.567894,440,68.25,Slave,Locked,558
1760456590031337,103.72596,440,68.25,Slave,Locked,558
1760456590128167,103.88221,440,68.25,Slave,Locked,558
1760456590228232,103.40039,438,68.25,Slave,Locked,563
1760456590330915,103.414185,438,68.25,Slave,Locked,563
1760456590428361,103.456245,437,68.25,Slave,Locked,563
1760456590529663,103.474,437,68.25,Slave,Locked,563
1760456590627902,103.46634,437,68.25,Slave,Locked,563
1760456590728149,103.58852,437,68.25,Slave,Locked,563
1760456590828396,103.61559,438,68.25,Slave,Locked,563
1760456590929198,103.615524,438,68.25,Slave,Locked,563
1760456591029706,103.9484,439,68.25,Slave,Locked,563
1760456591128180,104.123245,439,68.25,Slave,Locked,563
1760456591228517,104.02895,438,68.25,Slave,Locked,571
1760456591329924,104.136566,438,68.25,Slave,Locked,571
1760456591428380,103.990555,438,68.25,Slave,Locked,571
1760456591532673,104.19695,438,68.25,Slave,Locked,571
1760456591629711,104.23174,437,68.25,Slave,Locked,571
1760456591729478,104.220436,437,68.25,Slave,Locked,571
1760456591828472,104.403336,436,68.25,Slave,Locked,571
1760456591928233,104.35962,436,68.25,Slave,Locked,571
1760456592030257,104.5307,435,68.25,Slave,Locked,571
1760456592127853,104.588135,435,68.25,Slave,Locked,571
1760456592229120,104.521866,434,68.25,Slave,Locked,579
1760456592331696,104.61909,434,68.25,Slave,Locked,579
1760456592428345,104.80882,432,68.25,Slave,Locked,579
1760456592530375,104.86119,432,68.25,Slave,Locked,579
1760456592628675,104.78014,431,68.25,Slave,Locked,579
1760456592729247,104.776955,431,68.25,Slave,Locked,579
1760456592829899,104.771164,430,68.25,Slave,Locked,579
1760456592929324,104.82813,430,68.25,Slave,Locked,579
1760456593030022,104.65473,430,68.25,Slave,Locked,579
1760456593128653,104.683876,430,68.25,Slave,Locked,579
1760456593228649,104.74398,428,68.25,Slave,Locked,585
1760456593330086,104.84371,428,68.25,Slave,Locked,585
1760456593428730,104.650795,427,68.25,Slave,Locked,585
1760456593530680,104.670944,427,68.25,Slave,Locked,585
1760456593628479,104.56076,425,68.25,Slave,Locked,585
1760456593728693,104.60204,425,68.25,Slave,Locked,585
1760456593828335,104.41471,424,68.25,Slave,Locked,585
1760456593929986,104.43648,424,68.25,Slave,Locked,585
1760456594030640,104.59456,422,68.25,Slave,Locked,585
1760456594128561,104.68281,422,68.25,Slave,Locked,585
1760456594230392,104.42195,422,68.25,Slave,Locked,582
1760456594330886,104.43737,422,68.25,Slave,Locked,582
1760456594429084,104.3844,423,68.25,Slave,Locked,582
1760456594531603,104.361176,423,68.25,Slave,Locked,582
1760456594628417,104.00911,425,68.25,Slave,Locked,582
1760456594728837,104.08416,425,68.25,Slave,Locked,582
1760456594828394,104.08949,424,68.25,Slave,Locked,582
1760456594928933,104.19083,424,68.25,Slave,Locked,582
1760456595030381,103.9585,424,68.25,Slave,Locked,582
1760456595132681,103.83004,424,68.25,Slave,Locked,581
1760456595230281,103.64969,421,68.25,Slave,Locked,581
1760456595332943,103.55969,421,68.25,Slave,Locked,581
1760456595429473,103.52856,420,68.25,Slave,Locked,581
1760456595530173,103.43831,420,68.25,Slave,Locked,581
1760456595628698,103.697014,418,68.25,Slave,Locked,581
1760456595728507,103.83891,418,68.25,Slave,Locked,581
1760456595828490,103.62812,417,68.25,Slave,Locked,581
1760456595928165,103.61594,417,68.25,Slave,Locked,581
1760456596033089,103.71823,418,68.25,Slave,Locked,581
1760456596134883,103.9803,418,68.25,Slave,Locked,579
1760456596229163,103.76415,422,68.25,Slave,Locked,579
1760456596330478,103.77152,422,68.25,Slave,Locked,579
1760456596429602,103.6633,419,68.25,Slave,Locked,579
1760456596531035,103.95747,419,68.25,Slave,Locked,579
1760456596628932,103.789444,420,68.25,Slave,Locked,579
1760456596729519,103.707726,420,68.25,Slave,Locked,579
1760456596829362,103.63181,416,68.25,Slave,Locked,579
1760456596928823,103.34597,416,68.25,Slave,Locked,579
1760456597030539,103.204865,418,68.25,Slave,Locked,579
1760456597132524,103.00266,418,68.25,Slave,Locked,576
1760456597230199,103.55756,426,68.25,Slave,Locked,576
1760456597330815,103.93877,426,68.25,Slave,Locked,576
1760456597428775,103.31038,433,68.25,Slave,Locked,576
1760456597532140,103.37613,433,68.25,Slave,Locked,576
1760456597628847,103.78993,437,68.25,Slave,Locked,576
1760456597730742,103.947495,437,68.25,Slave,Locked,576
1760456597828918,103.50615,437,68.25,Slave,Locked,576
1760456597928379,103.00692,437,68.25,Slave,Locked,576
1760456598031766,102.565445,439,68.25,Slave,Locked,576
1760456598132397,102.22244,439,68.25,Slave,Locked,581
1760456598228894,102.970436,440,68.25,Slave,Locked,581
1760456598331748,102.59622,440,68.25,Slave,Locked,581
1760456598430212,102.91835,447,68.25,Slave,Locked,581
1760456598530905,102.981995,447,68.25,Slave,Locked,581
1760456598629471,103.431335,449,68.25,Slave,Locked,581
1760456598728710,103.51922,449,68.25,Slave,Locked,581
1760456598829699,103.53364,452,68.25,Slave,Locked,581
1760456598928537,103.54752,452,68.25,Slave,Locked,581
1760456599031914,103.79903,453,68.25,Slave,Locked,581
1760456599133852,103.65177,453,68.25,Slave,Locked,591
1760456599229749,103.43121,454,68.25,Slave,Locked,591
1760456599331075,103.02407,454,68.25,Slave,Locked,591
1760456599430677,103.80761,455,68.25,Slave,Locked,591
1760456599532298,104.144684,455,68.25,Slave,Locked,591
1760456599629334,104.3217,456,68.25,Slave,Locked,591
1760456599729451,104.21796,456,68.25,Slave,Locked,591
1760456599829417,104.67152,455,68.25,Slave,Locked,591
1760456599928634,104.963104,455,68.25,Slave,Locked,591
1760456600032141,105.27665,453,68.25,Slave,Locked,591
1760456600135376,105.15872,453,68.25,Slave,Locked,588
1760456600229762,105.11145,453,68.25,Slave,Locked,588
1760456600331221,105.17876,453,68.25,Slave,Locked,588
1760456600429860,105.58947,453,68.25,Slave,Locked,588
1760456600532252,105.46526,453,68.25,Slave,Locked,588
1760456600629051,105.94935,452,68.25,Slave,Locked,588
1760456600729145,106.24592,452,68.25,Slave,Locked,588
1760456600830643,106.246376,452,68.25,Slave,Locked,588
1760456600930285,106.59395,452,68.25,Slave,Locked,588
1760456601030821,106.6622,446,68.25,Slave,Locked,588
1760456601129504,106.47603,446,68.25,Slave,Locked,579
1760456601229691,106.51295,441,68.25,Slave,Locked,579
1760456601331270,106.50816,441,68.25,Slave,Locked,579
1760456601429139,106.53624,444,68.25,Slave,Locked,579
1760456601530410,106.556816,444,68.25,Slave,Locked,579
1760456601629521,106.308914,451,68.25,Slave,Locked,579
1760456601729577,106.404015,451,68.25,Slave,Locked,579
1760456601830100,106.88169,458,68.25,Slave,Locked,579
1760456601929437,107.25262,458,68.25,Slave,Locked,579
1760456602032593,106.77567,456,68.25,Slave,Locked,579
1760456602130062,106.86253,456,68.25,Slave,Locked,575
1760456602229747,106.09511,452,68.25,Slave,Locked,575
1760456602331883,105.717514,452,68.25,Slave,Locked,575
1760456602430990,105.72361,452,68.25,Slave,Locked,575
1760456602531871,105.17835,452,68.25,Slave,Locked,575
1760456602629672,105.39481,452,68.25,Slave,Locked,575
1760456602728871,105.29679,452,68.25,Slave,Locked,575
1760456602830050,106.3331,449,68.25,Slave,Locked,575
1760456602930209,106.78741,449,68.25,Slave,Locked,575
1760456603032256,106.85293,445,68.25,Slave,Locked,575
1760456603130636,106.92984,445,68.25,Slave,Locked,564
1760456603230479,106.53499,442,68.25,Slave,Locked,564
1760456603332392,106.49372,442,68.25,Slave,Locked,564
1760456603430753,106.496376,440,68.25,Slave,Locked,564
1760456603533528,106.71013,440,68.25,Slave,Locked,564
1760456603630392,106.65991,437,68.25,Slave,Locked,564
1760456603730704,107.05638,437,68.25,Slave,Locked,564
1760456603829743,106.854485,437,68.312,Slave,Locked,564
1760456603929505,106.93955,437,68.25,Slave,Locked,564
1760456604030828,106.52718,446,68.25,Slave,Locked,564
1760456604130761,106.57221,446,68.25,Slave,Locked,546
1760456604230367,106.230415,452,68.25,Slave,Locked,546
1760456604332144,106.24898,452,68.25,Slave,Locked,546
1760456604429761,106.06466,454,68.25,Slave,Locked,546
1760456604531058,106.30358,454,68.25,Slave,Locked,546
1760456604629384,106.21758,446,68.25,Slave,Locked,546
1760456604729148,105.73115,446,68.25,Slave,Locked,546
1760456604829372,105.03641,441,68.25,Slave,Locked,546
1760456604929614,104.600975,441,68.25,Slave,Locked,546
1760456605036920,105.53314,440,68.25,Slave,Locked,546
1760456605129434,105.24007,440,68.25,Slave,Locked,546
1760456605230996,105.62635,440,68.25,Slave,Locked,546
1760456605330912,105.73237,440,68.312,Slave,Locked,546
1760456605429757,106.40497,441,68.25,Slave,Locked,546
1760456605530992,106.80723,441,68.312,Slave,Locked,546
1760456605630681,106.04921,442,68.25,Slave,Locked,546
1760456605729546,105.93687,442,68.25,Slave,Locked,546
1760456605830185,105.22691,443,68.25,Slave,Locked,546
1760456605929666,105.049706,443,68.25,Slave,Locked,546
1760456606036627,104.85005,443,68.312,Slave,Locked,527
1760456606129599,104.774315,443,68.25,Slave,Locked,527
1760456606230851,104.6418,444,68.25,Slave,Locked,527
1760456606331229,104.66169,444,68.25,Slave,Locked,527
1760456606429480,104.898285,445,68.25,Slave,Locked,527
1760456606532321,104.84546,445,68.25,Slave,Locked,527
1760456606631318,104.90085,445,68.25,Slave,Locked,527
1760456606729388,104.87493,445,68.25,Slave,Locked,527
1760456606831046,105.056854,443,68.25,Slave,Locked,527
1760456606930559,105.065056,443,68.312,Slave,Locked,527
1760456607037282,104.91007,443,68.312,Slave,Locked,528
1760456607131411,104.92304,443,68.312,Slave,Locked,528
1760456607230118,104.97188,443,68.312,Slave,Locked,528
1760456607331171,104.87159,443,68.25,Slave,Locked,528
1760456607431194,105.11175,443,68.25,Slave,Locked,528
1760456607531882,105.09657,443,68.25,Slave,Locked,528
1760456607630980,105.39329,444,68.312,Slave,Locked,528
1760456607730458,105.52884,444,68.312,Slave,Locked,528
1760456607830838,105.16857,444,68.312,Slave,Locked,528
1760456607929691,105.19497,444,68.25,Slave,Locked,528
1760456608038188,105.23541,444,68.312,Slave,Locked,537
1760456608129841,105.20272,444,68.312,Slave,Locked,537
1760456608230464,105.2226,445,68.312,Slave,Locked,537
1760456608332561,105.20765,445,68.312,Slave,Locked,537
1760456608430519,105.174805,447,68.312,Slave,Locked,537
1760456608531494,105.11011,447,68.312,Slave,Locked,537
1760456608629596,105.152664,447,68.25,Slave,Locked,537
1760456608730251,105.09627,447,68.312,Slave,Locked,537
1760456608829557,105.043,446,68.312,Slave,Locked,537
1760456608929407,105.03606,446,68.25,Slave,Locked,537
1760456609036177,104.777695,444,68.25,Slave,Locked,537
1760456609130086,104.68732,444,68.25,Slave,Locked,537
1760456609229922,104.77886,444,68.312,Slave,Locked,537
1760456609332019,104.61225,444,68.312,Slave,Locked,537
1760456609430010,104.93398,442,68.312,Slave,Locked,537
1760456609534118,105.00796,442,68.25,Slave,Locked,537
1760456609630475,105.02877,443,68.312,Slave,Locked,537
1760456609729539,105.08856,443,68.312,Slave,Locked,537
1760456609830071,105.11065,447,68.25,Slave,Locked,537
1760456609930280,105.20803,447,68.312,Slave,Locked,537
1760456610037351,104.99517,450,68.312,Slave,Locked,545
1760456610130750,104.84282,450,68.312,Slave,Locked,545
1760456610230101,104.880745,452,68.25,Slave,Locked,545
1760456610331359,105.03144,452,68.312,Slave,Locked,545
1760456610431242,104.87128,448,68.312,Slave,Locked,545
1760456610532624,104.605156,448,68.312,Slave,Locked,545
1760456610631707,104.3234,448,68.312,Slave,Locked,545
1760456610730560,104.00027,448,68.312,Slave,Locked,545
1760456610831277,104.34142,449,68.312,Slave,Locked,545
1760456610931150,104.290146,449,68.312,Slave,Locked,545
1760456611038689,104.52543,450,68.312,Slave,Locked,549
1760456611130741,104.48093,450,68.312,Slave,Locked,549
1760456611230341,105.16395,450,68.312,Slave,Locked,549
1760456611331467,105.14807,450,68.312,Slave,Locked,549
1760456611431569,104.517456,453,68.312,Slave,Locked,549
1760456611533067,104.552315,453,68.312,Slave,Locked,549
1760456611630936,104.53871,452,68.312,Slave,Locked,549
1760456611729843,104.43904,452,68.25,Slave,Locked,549
1760456611832565,104.49208,450,68.312,Slave,Locked,549
1760456611930949,104.53608,450,68.312,Slave,Locked,549
1760456612039775,104.720215,448,68.312,Slave,Locked,549
1760456612131810,104.674484,448,68.312,Slave,Locked,549
1760456612231226,104.60062,451,68.312,Slave,Locked,549
1760456612332437,104.25784,451,68.312,Slave,Locked,549
1760456612430293,104.80971,451,68.312,Slave,Locked,549
1760456612531733,104.88098,451,68.312,Slave,Locked,549
1760456612630459,104.95544,452,68.312,Slave,Locked,549
1760456612731018,104.889694,452,68.312,Slave,Locked,549
1760456612830396,104.715775,450,68.312,Slave,Locked,549
1760456612929790,104.794716,450,68.312,Slave,Locked,549
1760456613032130,104.32536,449,68.312,Slave,Locked,546
1760456613129818,104.14222,449,68.312,Slave,Locked,546
1760456613230161,104.543976,453,68.312,Slave,Locked,546
1760456613333302,104.56,453,68.312,Slave,Locked,546
1760456613431745,104.37545,455,68.312,Slave,Locked,546
1760456613531566,104.5153,455,68.312,Slave,Locked,546
1760456613630730,104.90825,456,68.312,Slave,Locked,546
1760456613730282,104.84745,456,68.312,Slave,Locked,546
1760456613830894,104.63617,457,68.312,Slave,Locked,546
1760456613930089,104.2819,457,68.312,Slave,Locked,546
1760456614032348,103.81099,456,68.312,Slave,Locked,548
1760456614129932,103.55741,456,68.312,Slave,Locked,548
1760456614230271,103.79987,456,68.312,Slave,Locked,548
1760456614333252,103.76653,456,68.312,Slave,Locked,548
1760456614432095,103.84044,454,68.312,Slave,Locked,548
1760456614532546,103.8862,454,68.312,Slave,Locked,548
1760456614631346,104.120346,448,68.312,Slave,Locked,548
1760456614730781,104.30613,448,68.312,Slave,Locked,548
1760456614831328,104.57402,452,68.312,Slave,Locked,548
1760456614930484,104.60431,452,68.312,Slave,Locked,548
1760456615033045,104.57889,456,68.312,Slave,Locked,557
1760456615130811,104.71077,456,68.312,Slave,Locked,557
1760456615231424,104.96888,454,68.312,Slave,Locked,557
1760456615332399,105.13087,454,68.312,Slave,Locked,557
1760456615432076,105.423965,456,68.312,Slave,Locked,557
1760456615532333,105.64916,456,68.312,Slave,Locked,557
1760456615630934,105.018234,456,68.312,Slave,Locked,557
1760456615730317,103.66669,456,68.312,Slave,Locked,557
1760456615830705,103.16106,453,68.312,Slave,Locked,557
1760456615930450,103.21353,453,68.312,Slave,Locked,557
1760456616032568,104.06377,453,68.312,Slave,Locked,562
1760456616130840,104.18814,453,68.312,Slave,Locked,562
1760456616231638,103.94285,451,68.312,Slave,Locked,562
1760456616333027,104.49691,451,68.312,Slave,Locked,562
1760456616430895,104.943535,449,68.312,Slave,Locked,562
1760456616532463,105.037926,449,68.312,Slave,Locked,562
1760456616631155,105.329285,448,68.312,Slave,Locked,562
1760456616730295,105.55087,448,68.312,Slave,Locked,562
1760456616831489,105.052055,447,68.312,Slave,Locked,562
1760456616930774,105.13309,447,68.312,Slave,Locked,562
1760456617034597,105.216675,443,68.312,Slave,Locked,560
1760456617130814,105.49828,443,68.312,Slave,Locked,560
1760456617231169,105.60308,441,68.312,Slave,Locked,560
1760456617332572,105.70531,441,68.312,Slave,Locked,560
1760456617430956,105.57738,436,68.312,Slave,Locked,560
1760456617532931,105.56518,436,68.312,Slave,Locked,560
1760456617630192,105.40264,437,68.312,Slave,Locked,560
1760456617730975,105.57414,437,68.312,Slave,Locked,560
1760456617832670,105.729836,439,68.312,Slave,Locked,560
1760456617936696,106.028275,439,68.312,Slave,Locked,558
1760456618032821,105.66356,438,68.312,Slave,Locked,558
1760456618131856,105.722565,438,68.312,Slave,Locked,558
1760456618232647,105.9799,441,68.312,Slave,Locked,558
1760456618332764,106.120125,441,68.312,Slave,Locked,558
1760456618431023,105.05237,440,68.312,Slave,Locked,558
1760456618532491,105.085594,440,68.312,Slave,Locked,558
1760456618631013,104.92055,439,68.312,Slave,Locked,558
1760456618730547,104.89374,439,68.312,Slave,Locked,558
1760456618833036,105.45339,440,68.312,Slave,Locked,558
1760456618935613,105.28349,440,68.312,Slave,Locked,551
1760456619033759,104.90778,440,68.312,Slave,Locked,551
1760456619130816,104.76009,440,68.312,Slave,Locked,551
1760456619232469,105.1601,438,68.312,Slave,Locked,551
1760456619333018,105.38317,438,68.312,Slave,Locked,551
1760456619431847,105.34896,435,68.312,Slave,Locked,551
1760456619532470,105.34203,435,68.312,Slave,Locked,551
1760456619631538,105.03021,434,68.312,Slave,Locked,551
1760456619732028,105.04715,434,68.312,Slave,Locked,551
1760456619831232,105.3645,431,68.312,Slave,Locked,551
1760456619936517,105.29798,431,68.312,Slave,Locked,549
1760456620033573,105.3944,428,68.312,Slave,Locked,549
1760456620130788,105.54616,428,68.312,Slave,Locked,549
1760456620231775,105.42371,424,68.312,Slave,Locked,549
1760456620332313,105.6811,424,68.312,Slave,Locked,549
1760456620431391,105.319046,415,68.312,Slave,Locked,549
1760456620532557,105.306656,415,68.312,Slave,Locked,549
1760456620631332,105.17902,424,68.312,Slave,Locked,549
1760456620730782,105.7484,424,68.312,Slave,Locked,549
1760456620832703,105.7876,425,68.312,Slave,Locked,549
1760456620935094,105.96781,425,68.312,Slave,Locked,557
1760456621034974,105.77479,417,68.312,Slave,Locked,557
1760456621130733,106.26291,417,68.312,Slave,Locked,557
1760456621231774,106.50437,411,68.312,Slave,Locked,557
1760456621332039,106.72567,411,68.312,Slave,Locked,557
1760456621432521,104.92223,410,68.312,Slave,Locked,557
1760456621532047,104.25688,410,68.312,Slave,Locked,557
1760456621631030,105.42149,408,68.312,Slave,Locked,557
1760456621730485,105.69673,408,68.312,Slave,Locked,557
1760456621832544,106.58212,411,68.312,Slave,Locked,557
1760456621936750,106.88697,411,68.312,Slave,Locked,553
1760456622033291,106.085205,411,68.312,Slave,Locked,553
1760456622131309,106.518616,411,68.312,Slave,Locked,553
1760456622231717,105.87343,411,68.312,Slave,Locked,553
1760456622334234,105.58882,411,68.312,Slave,Locked,553
1760456622431042,105.40106,411,68.312,Slave,Locked,553
1760456622532068,105.49842,411,68.312,Slave,Locked,553
1760456622631277,104.95303,413,68.312,Slave,Locked,553
1760456622730568,104.88088,413,68.312,Slave,Locked,553
1760456622831502,105.387054,410,68.312,Slave,Locked,553
1760456622931081,105.33417,410,68.312,Slave,Locked,556
1760456623033552,105.30886,407,68.312,Slave,Locked,556
1760456623130555,105.34433,407,68.312,Slave,Locked,556
1760456623232198,105.39626,405,68.312,Slave,Locked,556
1760456623332162,105.28925,405,68.312,Slave,Locked,556
1760456623431725,105.16673,403,68.312,Slave,Locked,556
1760456623532188,105.09196,403,68.312,Slave,Locked,556
1760456623631669,105.23018,401,68.312,Slave,Locked,556
1760456623730836,105.722305,401,68.312,Slave,Locked,556
1760456623832595,105.63256,402,68.312,Slave,Locked,556
1760456623931548,105.80307,402,68.312,Slave,Locked,565
1760456624034939,105.48055,404,68.312,Slave,Locked,565
1760456624131059,105.52159,404,68.312,Slave,Locked,565
1760456624231806,105.2099,405,68.312,Slave,Locked,565
1760456624332017,105.24066,405,68.312,Slave,Locked,565
1760456624432505,104.96162,405,68.312,Slave,Locked,565
1760456624532975,104.8151,405,68.312,Slave,Locked,565
1760456624631858,104.318375,408,68.312,Slave,Locked,565
1760456624733801,104.10069,408,68.312,Slave,Locked,565
1760456624834826,103.931885,407,68.312,Slave,Locked,565
1760456624932355,103.79444,407,68.312,Slave,Locked,572
1760456625033481,103.998566,409,68.312,Slave,Locked,572
1760456625130875,103.86907,409,68.312,Slave,Locked,572
1760456625231578,103.94357,408,68.312,Slave,Locked,572
1760456625333793,103.96607,408,68.312,Slave,Locked,572
1760456625431868,103.79102,407,68.312,Slave,Locked,572
1760456625533340,103.69285,407,68.312,Slave,Locked,572
1760456625632334,104.100555,408,68.312,Slave,Locked,572
1760456625730588,104.04278,408,68.312,Slave,Locked,572
1760456625831895,103.625595,404,68.312,Slave,Locked,572
1760456625930645,103.51989,404,68.312,Slave,Locked,566
1760456626033324,103.728,399,68.312,Slave,Locked,566
1760456626130782,103.74396,399,68.312,Slave,Locked,566
1760456626231896,103.49073,399,68.312,Slave,Locked,566
1760456626332298,103.56026,399,68.312,Slave,Locked,566
1760456626432519,103.27236,400,68.312,Slave,Locked,566
1760456626532486,103.10257,400,68.312,Slave,Locked,566
1760456626632140,103.3316,401,68.312,Slave,Locked,566
1760456626731315,103.28183,401,68.312,Slave,Locked,566
1760456626837809,102.73593,404,68.312,Slave,Locked,566
1760456626932015,102.68187,404,68.312,Slave,Locked,571
1760456627034784,101.72002,408,68.312,Slave,Locked,571
1760456627131134,101.13814,408,68.312,Slave,Locked,571
1760456627232491,100.88847,414,68.312,Slave,Locked,571
1760456627333441,100.29248,414,68.312,Slave,Locked,571
1760456627432371,99.87023,422,68.312,Slave,Locked,571
1760456627532866,99.364525,422,68.312,Slave,Locked,571
1760456627631785,99.18662,427,68.312,Slave,Locked,571
1760456627730754,98.709915,427,68.312,Slave,Locked,571
1760456627838432,98.501465,434,68.312,Slave,Locked,569
1760456627931430,97.99206,434,68.312,Slave,Locked,569
1760456628033852,97.920586,439,68.312,Slave,Locked,569
1760456628132019,97.32623,439,68.375,Slave,Locked,569
1760456628233260,97.52003,447,68.312,Slave,Locked,569
1760456628333872,97.02174,447,68.312,Slave,Locked,569
1760456628433128,97.51721,455,68.312,Slave,Locked,569
1760456628532829,97.0932,455,68.312,Slave,Locked,569
1760456628632489,96.944786,460,68.312,Slave,Locked,569
1760456628731634,96.402145,460,68.312,Slave,Locked,569
1760456628836256,96.67577,466,68.312,Slave,Locked,575
1760456628931046,96.22879,466,68.312,Slave,Locked,575
1760456629033625,96.23115,473,68.312,Slave,Locked,575
1760456629130891,95.75406,473,68.312,Slave,Locked,575
1760456629232074,96.07628,481,68.312,Slave,Locked,575
1760456629333268,95.58058,481,68.312,Slave,Locked,575
1760456629433145,95.969765,487,68.312,Slave,Locked,575
1760456629533060,95.664505,487,68.312,Slave,Locked,575
1760456629632442,95.91744,493,68.312,Slave,Locked,575
1760456629731378,95.57043,493,68.312,Slave,Locked,575
1760456629839447,95.86471,499,68.312,Slave,Locked,587
1760456629932417,95.5292,499,68.375,Slave,Locked,587
1760456630034990,95.84848,504,68.312,Slave,Locked,587
1760456630131414,95.54253,504,68.312,Slave,Locked,587
1760456630232571,96.0754,510,68.312,Slave,Locked,587
1760456630332666,95.87569,510,68.312,Slave,Locked,587
1760456630433899,96.341934,512,68.312,Slave,Locked,587
1760456630532419,96.08867,512,68.312,Slave,Locked,587
1760456630632223,96.43448,510,68.375,Slave,Locked,587
1760456630731063,96.38785,510,68.312,Slave,Locked,587
1760456630836540,96.99951,507,68.312,Slave,Locked,596
1760456630931384,97.075165,507,68.312,Slave,Locked,596
1760456631033979,97.35086,504,68.312,Slave,Locked,596
1760456631131334,97.435905,504,68.312,Slave,Locked,596
1760456631233319,98.05965,505,68.312,Slave,Locked,596
1760456631334110,98.371376,505,68.375,Slave,Locked,596
1760456631432496,98.95873,506,68.312,Slave,Locked,596
1760456631533411,99.12975,506,68.375,Slave,Locked,596
1760456631633358,99.06959,505,68.312,Slave,Locked,596
1760456631732911,99.26265,505,68.312,Slave,Locked,596
1760456631836624,99.00546,505,68.375,Slave,Locked,595
1760456631930972,99.06075,505,68.375,Slave,Locked,595
1760456632034649,98.71986,507,68.375,Slave,Locked,595
1760456632131814,98.519356,507,68.312,Slave,Locked,595
1760456632232341,98.61515,509,68.375,Slave,Locked,595
1760456632333091,98.54535,509,68.375,Slave,Locked,595
1760456632432924,98.558586,510,68.375,Slave,Locked,595
1760456632534232,98.46399,510,68.375,Slave,Locked,595
1760456632633177,98.25195,509,68.375,Slave,Locked,595
1760456632731374,98.12431,509,68.375,Slave,Locked,595
1760456632834330,97.87323,511,68.312,Slave,Locked,595
1760456632931331,97.6455,511,68.375,Slave,Locked,595
1760456633033667,97.6047,514,68.375,Slave,Locked,595
1760456633131507,97.59414,514,68.375,Slave,Locked,595
1760456633233629,97.80336,516,68.312,Slave,Locked,595
1760456633333472,97.810265,516,68.375,Slave,Locked,595
1760456633432595,98.001976,513,68.375,Slave,Locked,595
1760456633532978,98.01068,513,68.312,Slave,Locked,595
1760456633633932,97.918175,509,68.375,Slave,Locked,595
1760456633732128,97.82445,509,68.312,Slave,Locked,595
1760456633832660,97.99489,508,68.312,Slave,Locked,598
1760456633931682,97.96079,508,68.312,Slave,Locked,598
1760456634033800,98.23725,509,68.375,Slave,Locked,598
1760456634131696,98.38272,509,68.375,Slave,Locked,598
1760456634232037,98.72751,508,68.375,Slave,Locked,598
1760456634332815,98.85804,508,68.375,Slave,Locked,598
1760456634432497,98.8328,508,68.375,Slave,Locked,598
1760456634533163,98.91226,508,68.375,Slave,Locked,598
1760456634632205,98.56969,507,68.375,Slave,Locked,598
1760456634731857,98.50669,507,68.375,Slave,Locked,598
1760456634833166,98.317825,511,68.375,Slave,Locked,601
1760456634932055,98.400375,511,68.375,Slave,Locked,601
1760456635034257,98.617805,510,68.375,Slave,Locked,601
1760456635132870,98.93604,510,68.375,Slave,Locked,601
1760456635232555,98.915726,510,68.375,Slave,Locked,601
1760456635333367,99.111046,510,68.375,Slave,Locked,601
1760456635433835,99.32382,510,68.375,Slave,Locked,601
1760456635533542,99.41578,510,68.375,Slave,Locked,601
1760456635632271,99.29922,512,68.375,Slave,Locked,601
1760456635732687,99.19707,512,68.375,Slave,Locked,601
1760456635833285,99.82908,506,68.375,Slave,Locked,587
1760456635931252,99.96848,506,68.375,Slave,Locked,587
1760456636034015,99.92215,502,68.375,Slave,Locked,587
1760456636132580,100.4971,502,68.375,Slave,Locked,587
1760456636232389,100.84394,498,68.375,Slave,Locked,587
1760456636333167,101.22224,498,68.375,Slave,Locked,587
1760456636434092,101.44462,500,68.375,Slave,Locked,587
1760456636533478,101.60271,500,68.375,Slave,Locked,587
1760456636634309,102.32196,498,68.375,Slave,Locked,587
1760456636735883,102.55646,498,68.375,Slave,Locked,587
1760456636833894,102.0373,490,68.375,Slave,Locked,583
1760456636932293,102.664154,490,68.375,Slave,Locked,583
1760456637034715,102.95037,483,68.375,Slave,Locked,583
1760456637132134,102.998314,483,68.375,Slave,Locked,583
1760456637233729,102.71498,475,68.375,Slave,Locked,583
1760456637333347,102.62375,475,68.375,Slave,Locked,583
1760456637434076,103.29687,461,68.375,Slave,Locked,583
1760456637533361,103.74817,461,68.375,Slave,Locked,583
1760456637632725,104.17447,453,68.375,Slave,Locked,583
1760456637737592,104.54351,453,68.375,Slave,Locked,588
1760456637832875,103.98335,451,68.375,Slave,Locked,588
1760456637931964,104.20793,451,68.375,Slave,Locked,588
1760456638034691,103.82281,448,68.375,Slave,Locked,588
1760456638133447,104.22722,448,68.375,Slave,Locked,588
1760456638232685,104.01901,447,68.375,Slave,Locked,588
1760456638334471,104.78529,447,68.375,Slave,Locked,588
1760456638434191,104.09233,446,68.375,Slave,Locked,588
1760456638533462,103.66423,446,68.375,Slave,Locked,588
1760456638632300,102.536835,442,68.375,Slave,Locked,588
1760456638735660,102.82154,442,68.375,Slave,Locked,581
1760456638833435,102.77511,435,68.375,Slave,Locked,581
1760456638932251,102.951385,435,68.375,Slave,Locked,581
1760456639034216,102.65265,431,68.375,Slave,Locked,581
1760456639132818,102.541725,431,68.375,Slave,Locked,581
1760456639232762,102.34566,426,68.375,Slave,Locked,581
1760456639333727,102.47943,426,68.375,Slave,Locked,581
1760456639434514,102.661476,422,68.375,Slave,Locked,581
1760456639532998,102.87848,422,68.375,Slave,Locked,581
1760456639632819,102.71388,424,68.375,Slave,Locked,581
1760456639737863,103.1673,424,68.375,Slave,Locked,580
1760456639833016,102.568474,427,68.375,Slave,Locked,580
1760456639932418,102.4982,427,68.375,Slave,Locked,580
1760456640036186,102.26269,429,68.375,Slave,Locked,580
1760456640132107,102.49029,429,68.375,Slave,Locked,580
1760456640232370,102.02758,427,68.375,Slave,Locked,580
1760456640333557,102.11413,427,68.375,Slave,Locked,580
1760456640434243,101.629425,426,68.375,Slave,Locked,580
1760456640533074,101.43939,426,68.375,Slave,Locked,580
1760456640633388,101.57159,423,68.375,Slave,Locked,580
1760456640737545,101.545494,423,68.375,Slave,Locked,585
1760456640832401,101.8897,420,68.375,Slave,Locked,585
1760456640932059,101.95802,420,68.375,Slave,Locked,585
1760456641034108,102.3924,418,68.375,Slave,Locked,585
1760456641133053,102.525375,418,68.375,Slave,Locked,585
1760456641232445,102.29853,416,68.375,Slave,Locked,585
1760456641333353,102.49957,416,68.375,Slave,Locked,585
1760456641433861,102.56071,415,68.375,Slave,Locked,585
1760456641533741,102.81231,415,68.375,Slave,Locked,585
1760456641632402,102.65702,413,68.375,Slave,Locked,585
1760456641735534,102.81094,413,68.375,Slave,Locked,584
1760456641832681,102.59394,413,68.375,Slave,Locked,584
1760456641931700,102.729935,413,68.375,Slave,Locked,584
1760456642034615,102.61553,414,68.375,Slave,Locked,584
1760456642131651,102.73458,414,68.375,Slave,Locked,584
1760456642232916,102.56014,413,68.375,Slave,Locked,584
1760456642333690,102.49522,413,68.375,Slave,Locked,584
1760456642433488,102.48927,412,68.375,Slave,Locked,584
1760456642533450,102.5408,412,68.375,Slave,Locked,584
1760456642634095,102.32928,411,68.375,Slave,Locked,584
1760456642731943,102.347115,411,68.375,Slave,Locked,580
1760456642832285,102.25578,411,68.375,Slave,Locked,580
1760456642932089,102.24077,411,68.375,Slave,Locked,580
1760456643034083,102.420006,410,68.375,Slave,Locked,580
1760456643131636,102.53378,410,68.375,Slave,Locked,580
1760456643233638,102.3815,410,68.375,Slave,Locked,580
1760456643334288,102.50622,410,68.375,Slave,Locked,580
1760456643433973,102.4567,409,68.375,Slave,Locked,580
1760456643533658,102.5005,409,68.375,Slave,Locked,580
1760456643633514,102.414665,410,68.375,Slave,Locked,580
1760456643732134,102.51842,410,68.375,Slave,Locked,572
1760456643833394,102.64488,412,68.375,Slave,Locked,572
1760456643932744,102.709045,412,68.375,Slave,Locked,572
1760456644035925,102.61788,412,68.375,Slave,Locked,572
1760456644134820,102.56073,412,68.375,Slave,Locked,572
1760456644233051,102.60961,411,68.375,Slave,Locked,572
1760456644334774,102.61581,411,68.375,Slave,Locked,572
1760456644433052,102.41753,410,68.375,Slave,Locked,572
1760456644533921,102.38649,410,68.375,Slave,Locked,572
1760456644633351,102.46022,408,68.375,Slave,Locked,572
1760456644732067,102.42384,408,68.375,Slave,Locked,565
1760456644833831,102.727196,406,68.375,Slave,Locked,565
1760456644934614,102.83361,406,68.375,Slave,Locked,565
1760456645035203,102.88338,406,68.375,Slave,Locked,565
1760456645132690,102.938614,406,68.375,Slave,Locked,565
1760456645234347,102.981445,406,68.375,Slave,Locked,565
1760456645333827,103.03508,406,68.375,Slave,Locked,565
1760456645432935,103.00461,406,68.375,Slave,Locked,565
1760456645533547,103.144585,406,68.375,Slave,Locked,565
1760456645635746,102.99471,405,68.375,Slave,Locked,565
1760456645732961,103.103455,405,68.375,Slave,Locked,548
1760456645833674,102.882126,403,68.375,Slave,Locked,548
1760456645932180,102.878365,403,68.375,Slave,Locked,548
1760456646034790,102.90405,403,68.375,Slave,Locked,548
1760456646132266,102.9453,403,68.375,Slave,Locked,548
1760456646232660,102.959816,403,68.375,Slave,Locked,548
1760456646335412,102.94422,403,68.375,Slave,Locked,548
1760456646432742,103.0159,403,68.375,Slave,Locked,548
1760456646533908,103.112976,403,68.375,Slave,Locked,548
1760456646637105,103.082,404,68.375,Slave,Locked,548
1760456646732004,103.153366,404,68.375,Slave,Locked,548
1760456646833288,102.970116,405,68.375,Slave,Locked,548
1760456646932134,102.93711,405,68.375,Slave,Locked,548
1760456647034698,102.98149,405,68.375,Slave,Locked,548
1760456647133959,102.833435,405,68.375,Slave,Locked,548
1760456647233408,102.78562,403,68.375,Slave,Locked,548
1760456647333817,102.860886,403,68.375,Slave,Locked,548
1760456647433533,102.79675,402,68.375,Slave,Locked,548
1760456647534463,102.85889,402,68.375,Slave,Locked,548
1760456647638713,102.92295,401,68.375,Slave,Locked,542
1760456647732154,102.8444,401,68.375,Slave,Locked,542
1760456647833416,103.00748,402,68.375,Slave,Locked,542
1760456647933300,102.99314,402,68.375,Slave,Locked,542
1760456648036342,103.14374,405,68.375,Slave,Locked,542
1760456648132469,103.31916,405,68.375,Slave,Locked,542
1760456648233109,103.00368,407,68.375,Slave,Locked,542
1760456648335080,102.9382,407,68.375,Slave,Locked,542
1760456648434364,102.69336,408,68.375,Slave,Locked,542
1760456648533822,102.802055,408,68.375,Slave,Locked,542
1760456648638580,102.56626,407,68.375,Slave,Locked,532
1760456648732285,102.44945,407,68.375,Slave,Locked,532
1760456648833894,102.449425,406,68.375,Slave,Locked,532
1760456648933239,102.27563,406,68.375,Slave,Locked,532
1760456649035770,102.37448,405,68.375,Slave,Locked,532
1760456649133808,102.46274,405,68.375,Slave,Locked,532
1760456649234364,102.66986,406,68.375,Slave,Locked,532
1760456649335042,102.53724,406,68.375,Slave,Locked,532
1760456649433679,102.72486,409,68.375,Slave,Locked,532
1760456649533894,102.81258,409,68.375,Slave,Locked,532
1760456649639220,102.69323,411,68.375,Slave,Locked,534
1760456649732073,102.6965,411,68.375,Slave,Locked,534
1760456649833391,102.75097,414,68.375,Slave,Locked,534
1760456649933187,102.67257,414,68.375,Slave,Locked,534
1760456650035397,102.38214,414,68.375,Slave,Locked,534
1760456650134125,102.32558,414,68.375,Slave,Locked,534
1760456650233423,102.21494,414,68.375,Slave,Locked,534
1760456650333916,101.94666,414,68.375,Slave,Locked,534
1760456650433612,102.176605,410,68.375,Slave,Locked,534
1760456650534154,102.24246,410,68.375,Slave,Locked,534
1760456650637783,102.2695,409,68.375,Slave,Locked,543
1760456650732920,102.16433,409,68.375,Slave,Locked,543
1760456650834184,102.62192,408,68.375,Slave,Locked,543
1760456650933422,102.54665,408,68.375,Slave,Locked,543
1760456651034986,102.64683,408,68.375,Slave,Locked,543
1760456651132764,102.58255,408,68.375,Slave,Locked,543
1760456651233143,102.6684,408,68.375,Slave,Locked,543
1760456651333940,102.87828,408,68.375,Slave,Locked,543
1760456651433305,102.33919,407,68.375,Slave,Locked,543
1760456651534786,102.1532,407,68.375,Slave,Locked,543
1760456651638654,102.083466,408,68.375,Slave,Locked,542
1760456651732206,102.11668,408,68.375,Slave,Locked,542
1760456651834632,102.006004,409,68.375,Slave,Locked,542
1760456651933871,101.867775,409,68.375,Slave,Locked,542
1760456652036273,101.97065,410,68.375,Slave,Locked,542
1760456652132783,101.893196,410,68.375,Slave,Locked,542
1760456652233720,101.98107,408,68.375,Slave,Locked,542
1760456652334106,102.03043,408,68.375,Slave,Locked,542
1760456652433865,101.79417,407,68.437,Slave,Locked,542
1760456652535904,101.77028,407,68.375,Slave,Locked,542
1760456652633928,101.86219,407,68.375,Slave,Locked,543
1760456652733468,101.75641,407,68.375,Slave,Locked,543
1760456652833340,101.84107,407,68.375,Slave,Locked,543
1760456652933559,101.664764,407,68.375,Slave,Locked,543
1760456653035369,101.74684,403,68.375,Slave,Locked,543
1760456653134101,101.902245,403,68.375,Slave,Locked,543
1760456653234006,101.74201,405,68.375,Slave,Locked,543
1760456653335558,101.6689,405,68.375,Slave,Locked,543
1760456653435239,101.52351,401,68.375,Slave,Locked,543
1760456653534417,101.500626,401,68.375,Slave,Locked,543
1760456653634637,101.55802,402,68.375,Slave,Locked,545
1760456653734007,101.64544,402,68.375,Slave,Locked,545
1760456653834984,101.921036,404,68.375,Slave,Locked,545
1760456653933353,102.12803,404,68.375,Slave,Locked,545
1760456654035043,101.548775,406,68.375,Slave,Locked,545
1760456654132614,101.386856,406,68.375,Slave,Locked,545
1760456654233901,101.85206,406,68.375,Slave,Locked,545
1760456654334538,102.031166,406,68.375,Slave,Locked,545
1760456654434515,101.533646,406,68.375,Slave,Locked,545
1760456654534296,101.363945,406,68.375,Slave,Locked,545
1760456654633696,101.38254,406,68.375,Slave,Locked,546
1760456654733393,101.26236,406,68.375,Slave,Locked,546
